model,dataset,target,horizon,store,product,lookback,units1,dropout,lr,batch,activation,smape,mase,rmse,rmsle
LSTM-EntityEmbedding-GAO,retail_inventory_daily,Units Sold,7,S001,P0001,30,16,0.3,0.001,32,sigmoid,34.65832,0.83766747,38.08696746826172,0.4600130319595337
LSTM-EntityEmbedding-GAO,retail_inventory_daily,Units Sold,7,S001,P0002,30,16,0.3,0.001,32,sigmoid,29.266531,0.643689,34.233299255371094,0.42993858456611633
LSTM-EntityEmbedding-GAO,retail_inventory_daily,Units Sold,7,S001,P0003,30,16,0.3,0.001,32,sigmoid,34.98698,0.722528,48.536895751953125,0.5317090153694153
LSTM-EntityEmbedding-GAO,retail_inventory_daily,Units Sold,7,S001,P0004,30,16,0.3,0.001,32,sigmoid,39.617096,0.78308344,35.536502838134766,0.6917486190795898
LSTM-EntityEmbedding-GAO,retail_inventory_daily,Units Sold,7,S001,P0005,30,16,0.3,0.001,32,sigmoid,35.517986,0.6946947,41.259254455566406,0.4552673101425171
LSTM-EntityEmbedding-GAO,retail_inventory_daily,Units Sold,7,S001,P0006,30,16,0.3,0.001,32,sigmoid,44.603077,0.68900245,41.12844467163086,0.8937885761260986
LSTM-EntityEmbedding-GAO,retail_inventory_daily,Units Sold,7,S001,P0007,30,16,0.3,0.001,32,sigmoid,41.139828,0.77841526,51.1259880065918,0.6071532964706421
LSTM-EntityEmbedding-GAO,retail_inventory_daily,Units Sold,7,S001,P0008,30,16,0.3,0.001,32,sigmoid,33.901005,0.74884117,31.613365173339844,0.45320162177085876
LSTM-EntityEmbedding-GAO,retail_inventory_daily,Units Sold,7,S001,P0009,30,16,0.3,0.001,32,sigmoid,31.891369,0.8577487,44.842041015625,0.4158833920955658
LSTM-EntityEmbedding-GAO,retail_inventory_daily,Units Sold,7,S001,P0010,30,16,0.3,0.001,32,sigmoid,32.85244,0.6902277,28.21353530883789,0.4346170127391815
LSTM-EntityEmbedding-GAO,retail_inventory_daily,Units Sold,7,S001,P0011,30,16,0.3,0.001,32,sigmoid,37.45588,0.7527669,31.272109985351562,0.5054711699485779
LSTM-EntityEmbedding-GAO,retail_inventory_daily,Units Sold,7,S001,P0012,30,16,0.3,0.001,32,sigmoid,36.69246,0.7087781,42.92268753051758,0.5335824489593506
LSTM-EntityEmbedding-GAO,retail_inventory_daily,Units Sold,7,S001,P0013,30,16,0.3,0.001,32,sigmoid,41.063213,0.759135,33.40692138671875,0.6076229810714722
LSTM-EntityEmbedding-GAO,retail_inventory_daily,Units Sold,7,S001,P0014,30,16,0.3,0.001,32,sigmoid,37.080215,0.7161953,42.58259963989258,0.5678386092185974
LSTM-EntityEmbedding-GAO,retail_inventory_daily,Units Sold,7,S001,P0015,30,16,0.3,0.001,32,sigmoid,38.461952,0.7465797,32.94194793701172,0.5718954801559448
LSTM-EntityEmbedding-GAO,retail_inventory_daily,Units Sold,7,S001,P0016,30,16,0.3,0.001,32,sigmoid,36.29,0.5910653,42.9684944152832,0.6728824973106384
LSTM-EntityEmbedding-GAO,retail_inventory_daily,Units Sold,7,S001,P0017,30,16,0.3,0.001,32,sigmoid,41.570915,0.76960444,33.076011657714844,0.6759727597236633
LSTM-EntityEmbedding-GAO,retail_inventory_daily,Units Sold,7,S001,P0018,30,16,0.3,0.001,32,sigmoid,32.539005,0.7742749,39.224369049072266,0.4344828426837921
LSTM-EntityEmbedding-GAO,retail_inventory_daily,Units Sold,7,S001,P0019,30,16,0.3,0.001,32,sigmoid,39.80678,0.8754256,29.734500885009766,0.5504348874092102
LSTM-EntityEmbedding-GAO,retail_inventory_daily,Units Sold,7,S001,P0020,30,16,0.3,0.001,32,sigmoid,42.623905,0.75415486,30.12405776977539,0.5823144912719727
LSTM-EntityEmbedding-GAO,retail_inventory_daily,Units Sold,7,S002,P0001,30,16,0.3,0.001,32,sigmoid,40.24509,0.7645238,49.47532272338867,0.5510284304618835
LSTM-EntityEmbedding-GAO,retail_inventory_daily,Units Sold,7,S002,P0002,30,16,0.3,0.001,32,sigmoid,42.704205,0.7317196,38.84046936035156,0.5877649188041687
LSTM-EntityEmbedding-GAO,retail_inventory_daily,Units Sold,7,S002,P0003,30,16,0.3,0.001,32,sigmoid,38.0307,0.6874994,40.118350982666016,0.6041204929351807
LSTM-EntityEmbedding-GAO,retail_inventory_daily,Units Sold,7,S002,P0004,30,16,0.3,0.001,32,sigmoid,31.63336,0.6371396,38.99560546875,0.4063967168331146
LSTM-EntityEmbedding-GAO,retail_inventory_daily,Units Sold,7,S002,P0005,30,16,0.3,0.001,32,sigmoid,37.509277,0.7726058,38.84939193725586,0.5042202472686768
LSTM-EntityEmbedding-GAO,retail_inventory_daily,Units Sold,7,S002,P0006,30,16,0.3,0.001,32,sigmoid,29.631382,0.77089036,34.319576263427734,0.41689595580101013
LSTM-EntityEmbedding-GAO,retail_inventory_daily,Units Sold,7,S002,P0007,30,16,0.3,0.001,32,sigmoid,47.701447,0.8617353,42.30960464477539,0.7062394022941589
LSTM-EntityEmbedding-GAO,retail_inventory_daily,Units Sold,7,S002,P0008,30,16,0.3,0.001,32,sigmoid,28.51587,0.620381,33.10394287109375,0.41251009702682495
LSTM-EntityEmbedding-GAO,retail_inventory_daily,Units Sold,7,S002,P0009,30,16,0.3,0.001,32,sigmoid,37.504433,0.78607106,48.17290496826172,0.6702391505241394
LSTM-EntityEmbedding-GAO,retail_inventory_daily,Units Sold,7,S002,P0010,30,16,0.3,0.001,32,sigmoid,28.434679,0.7200117,34.466522216796875,0.3494167625904083
LSTM-EntityEmbedding-GAO,retail_inventory_daily,Units Sold,7,S002,P0011,30,16,0.3,0.001,32,sigmoid,41.44315,0.7281621,47.36213302612305,0.8676918148994446
LSTM-EntityEmbedding-GAO,retail_inventory_daily,Units Sold,7,S002,P0012,30,16,0.3,0.001,32,sigmoid,32.535927,0.6401114,33.51266860961914,0.4516149163246155
LSTM-EntityEmbedding-GAO,retail_inventory_daily,Units Sold,7,S002,P0013,30,16,0.3,0.001,32,sigmoid,41.48406,0.67653406,45.130882263183594,0.6774694323539734
LSTM-EntityEmbedding-GAO,retail_inventory_daily,Units Sold,7,S002,P0014,30,16,0.3,0.001,32,sigmoid,44.194874,0.8469331,41.00447082519531,0.8002814054489136
LSTM-EntityEmbedding-GAO,retail_inventory_daily,Units Sold,7,S002,P0015,30,16,0.3,0.001,32,sigmoid,36.119358,0.75272244,44.96767044067383,0.8033584952354431
LSTM-EntityEmbedding-GAO,retail_inventory_daily,Units Sold,7,S002,P0016,30,16,0.3,0.001,32,sigmoid,36.03071,0.79235536,41.68385696411133,0.6312116980552673
LSTM-EntityEmbedding-GAO,retail_inventory_daily,Units Sold,7,S002,P0017,30,16,0.3,0.001,32,sigmoid,48.80926,0.7899704,42.50913619995117,0.8391081094741821
LSTM-EntityEmbedding-GAO,retail_inventory_daily,Units Sold,7,S002,P0018,30,16,0.3,0.001,32,sigmoid,29.509407,0.74568146,29.77564239501953,0.4074556529521942
LSTM-EntityEmbedding-GAO,retail_inventory_daily,Units Sold,7,S002,P0019,30,16,0.3,0.001,32,sigmoid,32.639046,0.6762679,38.045326232910156,0.6397205591201782
LSTM-EntityEmbedding-GAO,retail_inventory_daily,Units Sold,7,S002,P0020,30,16,0.3,0.001,32,sigmoid,39.9646,0.80961454,30.711233139038086,0.5039679408073425
LSTM-EntityEmbedding-GAO,retail_inventory_daily,Units Sold,7,S003,P0001,30,16,0.3,0.001,32,sigmoid,49.78586,0.8602957,43.260536193847656,0.9330922365188599
LSTM-EntityEmbedding-GAO,retail_inventory_daily,Units Sold,7,S003,P0002,30,16,0.3,0.001,32,sigmoid,39.7248,0.70866764,45.54121017456055,0.7198260426521301
LSTM-EntityEmbedding-GAO,retail_inventory_daily,Units Sold,7,S003,P0003,30,16,0.3,0.001,32,sigmoid,32.401062,0.7546817,33.14601516723633,0.4643116593360901
LSTM-EntityEmbedding-GAO,retail_inventory_daily,Units Sold,7,S003,P0004,30,16,0.3,0.001,32,sigmoid,39.516273,0.80236566,50.602718353271484,0.7093526721000671
LSTM-EntityEmbedding-GAO,retail_inventory_daily,Units Sold,7,S003,P0005,30,16,0.3,0.001,32,sigmoid,49.669262,0.8147703,44.60689163208008,0.836354672908783
LSTM-EntityEmbedding-GAO,retail_inventory_daily,Units Sold,7,S003,P0006,30,16,0.3,0.001,32,sigmoid,38.906467,0.7834202,34.03410720825195,0.5987103581428528
LSTM-EntityEmbedding-GAO,retail_inventory_daily,Units Sold,7,S003,P0007,30,16,0.3,0.001,32,sigmoid,34.236008,0.68050253,43.452022552490234,0.49510061740875244
LSTM-EntityEmbedding-GAO,retail_inventory_daily,Units Sold,7,S003,P0008,30,16,0.3,0.001,32,sigmoid,30.967941,0.7484161,40.45854187011719,0.37523677945137024
LSTM-EntityEmbedding-GAO,retail_inventory_daily,Units Sold,7,S003,P0009,30,16,0.3,0.001,32,sigmoid,33.040756,0.79316694,37.040000915527344,0.431765079498291
LSTM-EntityEmbedding-GAO,retail_inventory_daily,Units Sold,7,S003,P0010,30,16,0.3,0.001,32,sigmoid,31.86043,0.6974615,35.89357376098633,0.5380091071128845
LSTM-EntityEmbedding-GAO,retail_inventory_daily,Units Sold,7,S003,P0011,30,16,0.3,0.001,32,sigmoid,39.120785,0.727891,39.61103820800781,0.9279899001121521
LSTM-EntityEmbedding-GAO,retail_inventory_daily,Units Sold,7,S003,P0012,30,16,0.3,0.001,32,sigmoid,39.678707,0.7911847,31.54629898071289,0.6577433943748474
LSTM-EntityEmbedding-GAO,retail_inventory_daily,Units Sold,7,S003,P0013,30,16,0.3,0.001,32,sigmoid,37.955013,0.6565767,43.09160232543945,0.8607577681541443
LSTM-EntityEmbedding-GAO,retail_inventory_daily,Units Sold,7,S003,P0014,30,16,0.3,0.001,32,sigmoid,35.289806,0.7923994,45.83298873901367,0.4383658170700073
LSTM-EntityEmbedding-GAO,retail_inventory_daily,Units Sold,7,S003,P0015,30,16,0.3,0.001,32,sigmoid,38.38781,0.68353546,44.29557418823242,0.7897335290908813
LSTM-EntityEmbedding-GAO,retail_inventory_daily,Units Sold,7,S003,P0016,30,16,0.3,0.001,32,sigmoid,34.469597,0.6630955,40.489986419677734,0.462804913520813
LSTM-EntityEmbedding-GAO,retail_inventory_daily,Units Sold,7,S003,P0017,30,16,0.3,0.001,32,sigmoid,41.273876,0.806029,30.29391098022461,0.6843680143356323
LSTM-EntityEmbedding-GAO,retail_inventory_daily,Units Sold,7,S003,P0018,30,16,0.3,0.001,32,sigmoid,40.05361,0.83199114,31.003976821899414,0.5439720153808594
LSTM-EntityEmbedding-GAO,retail_inventory_daily,Units Sold,7,S003,P0019,30,16,0.3,0.001,32,sigmoid,24.6152,0.5733908,28.72047233581543,0.3578626215457916
LSTM-EntityEmbedding-GAO,retail_inventory_daily,Units Sold,7,S003,P0020,30,16,0.3,0.001,32,sigmoid,29.913128,0.7226698,45.123199462890625,0.38617193698883057
LSTM-EntityEmbedding-GAO,retail_inventory_daily,Units Sold,7,S004,P0001,30,16,0.3,0.001,32,sigmoid,39.10137,0.75750595,46.29051971435547,0.7869539856910706
LSTM-EntityEmbedding-GAO,retail_inventory_daily,Units Sold,7,S004,P0002,30,16,0.3,0.001,32,sigmoid,39.113598,0.64733756,41.705711364746094,0.7444433569908142
LSTM-EntityEmbedding-GAO,retail_inventory_daily,Units Sold,7,S004,P0003,30,16,0.3,0.001,32,sigmoid,42.354065,0.9169043,38.782814025878906,0.5820630788803101
LSTM-EntityEmbedding-GAO,retail_inventory_daily,Units Sold,7,S004,P0004,30,16,0.3,0.001,32,sigmoid,39.674988,0.76878595,49.84016418457031,0.747625470161438
LSTM-EntityEmbedding-GAO,retail_inventory_daily,Units Sold,7,S004,P0005,30,16,0.3,0.001,32,sigmoid,31.787767,0.77941376,33.66248321533203,0.4161604642868042
LSTM-EntityEmbedding-GAO,retail_inventory_daily,Units Sold,7,S004,P0006,30,16,0.3,0.001,32,sigmoid,36.14888,0.6486286,43.07563781738281,0.5384657979011536
LSTM-EntityEmbedding-GAO,retail_inventory_daily,Units Sold,7,S004,P0007,30,16,0.3,0.001,32,sigmoid,41.95873,0.84009993,50.367713928222656,0.7296265363693237
LSTM-EntityEmbedding-GAO,retail_inventory_daily,Units Sold,7,S004,P0008,30,16,0.3,0.001,32,sigmoid,37.402695,0.8277071,26.645427703857422,0.5117003917694092
LSTM-EntityEmbedding-GAO,retail_inventory_daily,Units Sold,7,S004,P0009,30,16,0.3,0.001,32,sigmoid,37.287086,0.74357057,42.7828483581543,0.8037095069885254
LSTM-EntityEmbedding-GAO,retail_inventory_daily,Units Sold,7,S004,P0010,30,16,0.3,0.001,32,sigmoid,40.636982,0.76193976,48.01306915283203,0.6139960885047913
LSTM-EntityEmbedding-GAO,retail_inventory_daily,Units Sold,7,S004,P0011,30,16,0.3,0.001,32,sigmoid,36.500637,0.7791532,50.0894775390625,0.5062081217765808
LSTM-EntityEmbedding-GAO,retail_inventory_daily,Units Sold,7,S004,P0012,30,16,0.3,0.001,32,sigmoid,32.621723,0.87565804,34.514469146728516,0.4066624641418457
LSTM-EntityEmbedding-GAO,retail_inventory_daily,Units Sold,7,S004,P0013,30,16,0.3,0.001,32,sigmoid,40.867504,0.7414522,50.03147506713867,0.7046664953231812
LSTM-EntityEmbedding-GAO,retail_inventory_daily,Units Sold,7,S004,P0014,30,16,0.3,0.001,32,sigmoid,41.092297,0.79594904,33.55461883544922,0.5686107873916626
LSTM-EntityEmbedding-GAO,retail_inventory_daily,Units Sold,7,S004,P0015,30,16,0.3,0.001,32,sigmoid,40.5794,0.768584,32.16167068481445,0.5574802160263062
LSTM-EntityEmbedding-GAO,retail_inventory_daily,Units Sold,7,S004,P0016,30,16,0.3,0.001,32,sigmoid,40.477196,0.7553111,30.85050392150879,0.6984229683876038
LSTM-EntityEmbedding-GAO,retail_inventory_daily,Units Sold,7,S004,P0017,30,16,0.3,0.001,32,sigmoid,27.613503,0.6750331,32.177303314208984,0.3937728703022003
LSTM-EntityEmbedding-GAO,retail_inventory_daily,Units Sold,7,S004,P0018,30,16,0.3,0.001,32,sigmoid,35.56536,0.74279004,24.789278030395508,0.5074366927146912
LSTM-EntityEmbedding-GAO,retail_inventory_daily,Units Sold,7,S004,P0019,30,16,0.3,0.001,32,sigmoid,29.360872,0.74009705,35.21543884277344,0.4150751233100891
LSTM-EntityEmbedding-GAO,retail_inventory_daily,Units Sold,7,S004,P0020,30,16,0.3,0.001,32,sigmoid,39.95065,0.7424964,30.359006881713867,0.7103238105773926
LSTM-EntityEmbedding-GAO,retail_inventory_daily,Units Sold,7,S005,P0001,30,16,0.3,0.001,32,sigmoid,37.607567,0.6952733,44.526851654052734,0.7589113712310791
LSTM-EntityEmbedding-GAO,retail_inventory_daily,Units Sold,7,S005,P0002,30,16,0.3,0.001,32,sigmoid,36.051853,0.7640221,38.240596771240234,0.45617055892944336
LSTM-EntityEmbedding-GAO,retail_inventory_daily,Units Sold,7,S005,P0003,30,16,0.3,0.001,32,sigmoid,40.68991,0.75872195,35.49356460571289,0.6485821008682251
LSTM-EntityEmbedding-GAO,retail_inventory_daily,Units Sold,7,S005,P0004,30,16,0.3,0.001,32,sigmoid,33.68084,0.787347,39.88547897338867,0.4620756208896637
LSTM-EntityEmbedding-GAO,retail_inventory_daily,Units Sold,7,S005,P0005,30,16,0.3,0.001,32,sigmoid,34.993374,0.6828652,40.371429443359375,0.8118438720703125
LSTM-EntityEmbedding-GAO,retail_inventory_daily,Units Sold,7,S005,P0006,30,16,0.3,0.001,32,sigmoid,35.14163,0.68159616,46.92110824584961,0.6730805039405823
LSTM-EntityEmbedding-GAO,retail_inventory_daily,Units Sold,7,S005,P0007,30,16,0.3,0.001,32,sigmoid,37.027946,0.7293318,45.684627532958984,0.5208931565284729
LSTM-EntityEmbedding-GAO,retail_inventory_daily,Units Sold,7,S005,P0008,30,16,0.3,0.001,32,sigmoid,30.211645,0.694676,34.271148681640625,0.4048173129558563
LSTM-EntityEmbedding-GAO,retail_inventory_daily,Units Sold,7,S005,P0009,30,16,0.3,0.001,32,sigmoid,38.94375,0.77608204,45.65530776977539,0.8161193132400513
LSTM-EntityEmbedding-GAO,retail_inventory_daily,Units Sold,7,S005,P0010,30,16,0.3,0.001,32,sigmoid,38.398163,0.7305159,46.98518371582031,0.5185609459877014
LSTM-EntityEmbedding-GAO,retail_inventory_daily,Units Sold,7,S005,P0011,30,16,0.3,0.001,32,sigmoid,40.83252,0.8601843,42.762393951416016,0.7556183338165283
LSTM-EntityEmbedding-GAO,retail_inventory_daily,Units Sold,7,S005,P0012,30,16,0.3,0.001,32,sigmoid,38.078342,0.8297913,33.922828674316406,0.5761005878448486
LSTM-EntityEmbedding-GAO,retail_inventory_daily,Units Sold,7,S005,P0013,30,16,0.3,0.001,32,sigmoid,40.461792,0.73331666,47.3029670715332,0.716325581073761
LSTM-EntityEmbedding-GAO,retail_inventory_daily,Units Sold,7,S005,P0014,30,16,0.3,0.001,32,sigmoid,37.992825,0.75323445,30.48102569580078,0.6551700234413147
LSTM-EntityEmbedding-GAO,retail_inventory_daily,Units Sold,7,S005,P0015,30,16,0.3,0.001,32,sigmoid,35.93196,0.69012225,41.13089370727539,0.688398540019989
LSTM-EntityEmbedding-GAO,retail_inventory_daily,Units Sold,7,S005,P0016,30,16,0.3,0.001,32,sigmoid,49.298508,0.8077487,42.918243408203125,0.8931019902229309
LSTM-EntityEmbedding-GAO,retail_inventory_daily,Units Sold,7,S005,P0017,30,16,0.3,0.001,32,sigmoid,43.06234,0.7963171,37.58560562133789,0.685584545135498
LSTM-EntityEmbedding-GAO,retail_inventory_daily,Units Sold,7,S005,P0018,30,16,0.3,0.001,32,sigmoid,29.57457,0.686846,34.6048698425293,0.37025657296180725
LSTM-EntityEmbedding-GAO,retail_inventory_daily,Units Sold,7,S005,P0019,30,16,0.3,0.001,32,sigmoid,39.738506,0.79549414,29.67818260192871,0.5145710706710815
LSTM-EntityEmbedding-GAO,retail_inventory_daily,Units Sold,7,S005,P0020,30,16,0.3,0.001,32,sigmoid,36.415154,0.68590945,30.04121208190918,0.580888569355011
LSTM-EntityEmbedding-GAO,retail_inventory_daily,Units Sold,14,S001,P0001,30,16,0.3,0.001,32,sigmoid,37.083904,0.8935939,40.15837478637695,0.49102768301963806
LSTM-EntityEmbedding-GAO,retail_inventory_daily,Units Sold,14,S001,P0002,30,16,0.3,0.001,32,sigmoid,29.06137,0.6416432,34.10390853881836,0.42849424481391907
LSTM-EntityEmbedding-GAO,retail_inventory_daily,Units Sold,14,S001,P0003,30,16,0.3,0.001,32,sigmoid,33.634075,0.67771417,46.254276275634766,0.5407233238220215
LSTM-EntityEmbedding-GAO,retail_inventory_daily,Units Sold,14,S001,P0004,30,16,0.3,0.001,32,sigmoid,44.464657,0.88609654,39.19038772583008,0.7490986585617065
LSTM-EntityEmbedding-GAO,retail_inventory_daily,Units Sold,14,S001,P0005,30,16,0.3,0.001,32,sigmoid,35.749046,0.70477045,41.48735427856445,0.44855737686157227
LSTM-EntityEmbedding-GAO,retail_inventory_daily,Units Sold,14,S001,P0006,30,16,0.3,0.001,32,sigmoid,46.760002,0.73285073,44.0898551940918,0.9514702558517456
LSTM-EntityEmbedding-GAO,retail_inventory_daily,Units Sold,14,S001,P0007,30,16,0.3,0.001,32,sigmoid,43.631172,0.8277156,53.065528869628906,0.637697160243988
LSTM-EntityEmbedding-GAO,retail_inventory_daily,Units Sold,14,S001,P0008,30,16,0.3,0.001,32,sigmoid,33.671295,0.74417454,31.540037155151367,0.4541901648044586
LSTM-EntityEmbedding-GAO,retail_inventory_daily,Units Sold,14,S001,P0009,30,16,0.3,0.001,32,sigmoid,32.58908,0.8726249,46.37540054321289,0.42689278721809387
LSTM-EntityEmbedding-GAO,retail_inventory_daily,Units Sold,14,S001,P0010,30,16,0.3,0.001,32,sigmoid,34.50717,0.73161066,29.87961196899414,0.4707588851451874
LSTM-EntityEmbedding-GAO,retail_inventory_daily,Units Sold,14,S001,P0011,30,16,0.3,0.001,32,sigmoid,39.158337,0.7942301,32.259124755859375,0.531387984752655
LSTM-EntityEmbedding-GAO,retail_inventory_daily,Units Sold,14,S001,P0012,30,16,0.3,0.001,32,sigmoid,37.36361,0.7269253,43.92045211791992,0.5618056058883667
LSTM-EntityEmbedding-GAO,retail_inventory_daily,Units Sold,14,S001,P0013,30,16,0.3,0.001,32,sigmoid,44.938828,0.84031004,37.328826904296875,0.6734627485275269
LSTM-EntityEmbedding-GAO,retail_inventory_daily,Units Sold,14,S001,P0014,30,16,0.3,0.001,32,sigmoid,38.560173,0.7444158,43.793094635009766,0.5849155783653259
LSTM-EntityEmbedding-GAO,retail_inventory_daily,Units Sold,14,S001,P0015,30,16,0.3,0.001,32,sigmoid,41.924,0.81698614,36.23668670654297,0.6505144834518433
LSTM-EntityEmbedding-GAO,retail_inventory_daily,Units Sold,14,S001,P0016,30,16,0.3,0.001,32,sigmoid,38.411816,0.6249628,45.17106246948242,0.710978090763092
LSTM-EntityEmbedding-GAO,retail_inventory_daily,Units Sold,14,S001,P0017,30,16,0.3,0.001,32,sigmoid,45.284973,0.8543431,37.17181396484375,0.7544887065887451
LSTM-EntityEmbedding-GAO,retail_inventory_daily,Units Sold,14,S001,P0018,30,16,0.3,0.001,32,sigmoid,33.11274,0.76184136,37.58769607543945,0.440448522567749
LSTM-EntityEmbedding-GAO,retail_inventory_daily,Units Sold,14,S001,P0019,30,16,0.3,0.001,32,sigmoid,42.110435,0.9022262,30.10209083557129,0.5905276536941528
LSTM-EntityEmbedding-GAO,retail_inventory_daily,Units Sold,14,S001,P0020,30,16,0.3,0.001,32,sigmoid,45.14804,0.80115575,32.26518249511719,0.6342805027961731
LSTM-EntityEmbedding-GAO,retail_inventory_daily,Units Sold,14,S002,P0001,30,16,0.3,0.001,32,sigmoid,41.223083,0.7808154,50.50810623168945,0.5625121593475342
LSTM-EntityEmbedding-GAO,retail_inventory_daily,Units Sold,14,S002,P0002,30,16,0.3,0.001,32,sigmoid,45.39974,0.788068,42.11146926879883,0.65492844581604
LSTM-EntityEmbedding-GAO,retail_inventory_daily,Units Sold,14,S002,P0003,30,16,0.3,0.001,32,sigmoid,40.16317,0.732726,42.78507614135742,0.6401740312576294
LSTM-EntityEmbedding-GAO,retail_inventory_daily,Units Sold,14,S002,P0004,30,16,0.3,0.001,32,sigmoid,32.874058,0.6660918,40.74980545043945,0.42734667658805847
LSTM-EntityEmbedding-GAO,retail_inventory_daily,Units Sold,14,S002,P0005,30,16,0.3,0.001,32,sigmoid,38.61154,0.7785278,39.179683685302734,0.5252348780632019
LSTM-EntityEmbedding-GAO,retail_inventory_daily,Units Sold,14,S002,P0006,30,16,0.3,0.001,32,sigmoid,29.402357,0.7455353,33.31566619873047,0.41819506883621216
LSTM-EntityEmbedding-GAO,retail_inventory_daily,Units Sold,14,S002,P0007,30,16,0.3,0.001,32,sigmoid,49.357475,0.8896247,43.51517105102539,0.7433470487594604
LSTM-EntityEmbedding-GAO,retail_inventory_daily,Units Sold,14,S002,P0008,30,16,0.3,0.001,32,sigmoid,30.68719,0.6645537,34.8817024230957,0.4345054030418396
LSTM-EntityEmbedding-GAO,retail_inventory_daily,Units Sold,14,S002,P0009,30,16,0.3,0.001,32,sigmoid,34.883255,0.72232014,41.461639404296875,0.4587348699569702
LSTM-EntityEmbedding-GAO,retail_inventory_daily,Units Sold,14,S002,P0010,30,16,0.3,0.001,32,sigmoid,28.71496,0.72927064,34.07065200805664,0.34649378061294556
LSTM-EntityEmbedding-GAO,retail_inventory_daily,Units Sold,14,S002,P0011,30,16,0.3,0.001,32,sigmoid,41.120895,0.7200883,47.08439254760742,0.8922742605209351
LSTM-EntityEmbedding-GAO,retail_inventory_daily,Units Sold,14,S002,P0012,30,16,0.3,0.001,32,sigmoid,34.88574,0.6914959,36.11090850830078,0.49290043115615845
LSTM-EntityEmbedding-GAO,retail_inventory_daily,Units Sold,14,S002,P0013,30,16,0.3,0.001,32,sigmoid,42.551563,0.68198806,45.381675720214844,0.6840127110481262
LSTM-EntityEmbedding-GAO,retail_inventory_daily,Units Sold,14,S002,P0014,30,16,0.3,0.001,32,sigmoid,47.68217,0.92195874,43.7967529296875,0.8322103023529053
LSTM-EntityEmbedding-GAO,retail_inventory_daily,Units Sold,14,S002,P0015,30,16,0.3,0.001,32,sigmoid,35.62113,0.72561735,43.81886672973633,0.8243563771247864
LSTM-EntityEmbedding-GAO,retail_inventory_daily,Units Sold,14,S002,P0016,30,16,0.3,0.001,32,sigmoid,35.995117,0.7933634,42.21055603027344,0.6524016261100769
LSTM-EntityEmbedding-GAO,retail_inventory_daily,Units Sold,14,S002,P0017,30,16,0.3,0.001,32,sigmoid,52.337784,0.8508354,45.90846633911133,0.8959205746650696
LSTM-EntityEmbedding-GAO,retail_inventory_daily,Units Sold,14,S002,P0018,30,16,0.3,0.001,32,sigmoid,30.295437,0.75762004,30.305042266845703,0.4190899729728699
LSTM-EntityEmbedding-GAO,retail_inventory_daily,Units Sold,14,S002,P0019,30,16,0.3,0.001,32,sigmoid,33.848877,0.6951902,38.974205017089844,0.6664344668388367
LSTM-EntityEmbedding-GAO,retail_inventory_daily,Units Sold,14,S002,P0020,30,16,0.3,0.001,32,sigmoid,42.193256,0.84027696,31.278724670410156,0.5353200435638428
LSTM-EntityEmbedding-GAO,retail_inventory_daily,Units Sold,14,S003,P0001,30,16,0.3,0.001,32,sigmoid,51.675217,0.90048087,45.11777114868164,0.9840185642242432
LSTM-EntityEmbedding-GAO,retail_inventory_daily,Units Sold,14,S003,P0002,30,16,0.3,0.001,32,sigmoid,40.89275,0.73116934,46.69253921508789,0.7442240118980408
LSTM-EntityEmbedding-GAO,retail_inventory_daily,Units Sold,14,S003,P0003,30,16,0.3,0.001,32,sigmoid,34.875244,0.8200774,36.316280364990234,0.5155569911003113
LSTM-EntityEmbedding-GAO,retail_inventory_daily,Units Sold,14,S003,P0004,30,16,0.3,0.001,32,sigmoid,41.133083,0.84013695,52.50701141357422,0.7545915246009827
LSTM-EntityEmbedding-GAO,retail_inventory_daily,Units Sold,14,S003,P0005,30,16,0.3,0.001,32,sigmoid,51.177853,0.85329974,47.148284912109375,0.8862790465354919
LSTM-EntityEmbedding-GAO,retail_inventory_daily,Units Sold,14,S003,P0006,30,16,0.3,0.001,32,sigmoid,42.813572,0.857543,36.50916290283203,0.6570128798484802
LSTM-EntityEmbedding-GAO,retail_inventory_daily,Units Sold,14,S003,P0007,30,16,0.3,0.001,32,sigmoid,34.957264,0.70555,45.391632080078125,0.5155806541442871
LSTM-EntityEmbedding-GAO,retail_inventory_daily,Units Sold,14,S003,P0008,30,16,0.3,0.001,32,sigmoid,30.332193,0.71965635,38.640724182128906,0.36701133847236633
LSTM-EntityEmbedding-GAO,retail_inventory_daily,Units Sold,14,S003,P0009,30,16,0.3,0.001,32,sigmoid,35.01997,0.83974826,38.886470794677734,0.4569540321826935
LSTM-EntityEmbedding-GAO,retail_inventory_daily,Units Sold,14,S003,P0010,30,16,0.3,0.001,32,sigmoid,30.88551,0.6842153,35.001014709472656,0.5109056830406189
LSTM-EntityEmbedding-GAO,retail_inventory_daily,Units Sold,14,S003,P0011,30,16,0.3,0.001,32,sigmoid,43.543053,0.818762,43.18803405761719,0.9898920655250549
LSTM-EntityEmbedding-GAO,retail_inventory_daily,Units Sold,14,S003,P0012,30,16,0.3,0.001,32,sigmoid,40.357925,0.8035373,32.199058532714844,0.6862736344337463
LSTM-EntityEmbedding-GAO,retail_inventory_daily,Units Sold,14,S003,P0013,30,16,0.3,0.001,32,sigmoid,37.635242,0.6470888,42.6297607421875,0.8821234703063965
LSTM-EntityEmbedding-GAO,retail_inventory_daily,Units Sold,14,S003,P0014,30,16,0.3,0.001,32,sigmoid,35.615837,0.8077976,45.982051849365234,0.4460011124610901
LSTM-EntityEmbedding-GAO,retail_inventory_daily,Units Sold,14,S003,P0015,30,16,0.3,0.001,32,sigmoid,39.253677,0.69171506,45.37077713012695,0.8310282230377197
LSTM-EntityEmbedding-GAO,retail_inventory_daily,Units Sold,14,S003,P0016,30,16,0.3,0.001,32,sigmoid,36.670708,0.70737916,42.624305725097656,0.49995172023773193
LSTM-EntityEmbedding-GAO,retail_inventory_daily,Units Sold,14,S003,P0017,30,16,0.3,0.001,32,sigmoid,44.373478,0.8754705,33.079933166503906,0.7502783536911011
LSTM-EntityEmbedding-GAO,retail_inventory_daily,Units Sold,14,S003,P0018,30,16,0.3,0.001,32,sigmoid,41.561405,0.8718914,32.21706008911133,0.558291494846344
LSTM-EntityEmbedding-GAO,retail_inventory_daily,Units Sold,14,S003,P0019,30,16,0.3,0.001,32,sigmoid,26.270065,0.61048204,30.163406372070312,0.375090628862381
LSTM-EntityEmbedding-GAO,retail_inventory_daily,Units Sold,14,S003,P0020,30,16,0.3,0.001,32,sigmoid,30.152092,0.72402453,46.049720764160156,0.39204302430152893
LSTM-EntityEmbedding-GAO,retail_inventory_daily,Units Sold,14,S004,P0001,30,16,0.3,0.001,32,sigmoid,38.976215,0.7372593,46.586936950683594,0.8078359365463257
LSTM-EntityEmbedding-GAO,retail_inventory_daily,Units Sold,14,S004,P0002,30,16,0.3,0.001,32,sigmoid,41.657116,0.6898872,43.4498405456543,0.7847064137458801
LSTM-EntityEmbedding-GAO,retail_inventory_daily,Units Sold,14,S004,P0003,30,16,0.3,0.001,32,sigmoid,44.126053,0.9500762,40.17067337036133,0.6178745031356812
LSTM-EntityEmbedding-GAO,retail_inventory_daily,Units Sold,14,S004,P0004,30,16,0.3,0.001,32,sigmoid,39.96212,0.76756155,49.65555191040039,0.7624770402908325
LSTM-EntityEmbedding-GAO,retail_inventory_daily,Units Sold,14,S004,P0005,30,16,0.3,0.001,32,sigmoid,31.636597,0.77130705,33.91120910644531,0.4159630537033081
LSTM-EntityEmbedding-GAO,retail_inventory_daily,Units Sold,14,S004,P0006,30,16,0.3,0.001,32,sigmoid,33.657352,0.59097695,38.69569396972656,0.47886359691619873
LSTM-EntityEmbedding-GAO,retail_inventory_daily,Units Sold,14,S004,P0007,30,16,0.3,0.001,32,sigmoid,41.414936,0.85854685,51.66090393066406,0.5770657658576965
LSTM-EntityEmbedding-GAO,retail_inventory_daily,Units Sold,14,S004,P0008,30,16,0.3,0.001,32,sigmoid,40.81597,0.89828795,28.9706974029541,0.5613999366760254
LSTM-EntityEmbedding-GAO,retail_inventory_daily,Units Sold,14,S004,P0009,30,16,0.3,0.001,32,sigmoid,35.3872,0.69737476,40.629615783691406,0.8197210431098938
LSTM-EntityEmbedding-GAO,retail_inventory_daily,Units Sold,14,S004,P0010,30,16,0.3,0.001,32,sigmoid,41.45637,0.7701167,47.962337493896484,0.6243558526039124
LSTM-EntityEmbedding-GAO,retail_inventory_daily,Units Sold,14,S004,P0011,30,16,0.3,0.001,32,sigmoid,35.556446,0.77538157,51.025577545166016,0.5007124543190002
LSTM-EntityEmbedding-GAO,retail_inventory_daily,Units Sold,14,S004,P0012,30,16,0.3,0.001,32,sigmoid,34.453114,0.9171007,35.39262008666992,0.428952157497406
LSTM-EntityEmbedding-GAO,retail_inventory_daily,Units Sold,14,S004,P0013,30,16,0.3,0.001,32,sigmoid,40.125736,0.7127569,47.695274353027344,0.6978369355201721
LSTM-EntityEmbedding-GAO,retail_inventory_daily,Units Sold,14,S004,P0014,30,16,0.3,0.001,32,sigmoid,44.09632,0.8485919,35.3238410949707,0.5978496670722961
LSTM-EntityEmbedding-GAO,retail_inventory_daily,Units Sold,14,S004,P0015,30,16,0.3,0.001,32,sigmoid,43.027065,0.8026371,32.91958236694336,0.5940550565719604
LSTM-EntityEmbedding-GAO,retail_inventory_daily,Units Sold,14,S004,P0016,30,16,0.3,0.001,32,sigmoid,42.599903,0.799442,32.45680618286133,0.7391584515571594
LSTM-EntityEmbedding-GAO,retail_inventory_daily,Units Sold,14,S004,P0017,30,16,0.3,0.001,32,sigmoid,28.637064,0.7017869,33.31189727783203,0.4062982201576233
LSTM-EntityEmbedding-GAO,retail_inventory_daily,Units Sold,14,S004,P0018,30,16,0.3,0.001,32,sigmoid,36.516888,0.75599384,25.72161865234375,0.5348020792007446
LSTM-EntityEmbedding-GAO,retail_inventory_daily,Units Sold,14,S004,P0019,30,16,0.3,0.001,32,sigmoid,28.14091,0.7140217,34.78402328491211,0.41289934515953064
LSTM-EntityEmbedding-GAO,retail_inventory_daily,Units Sold,14,S004,P0020,30,16,0.3,0.001,32,sigmoid,43.131603,0.80753833,32.69039535522461,0.7542058825492859
LSTM-EntityEmbedding-GAO,retail_inventory_daily,Units Sold,14,S005,P0001,30,16,0.3,0.001,32,sigmoid,38.556107,0.69201154,42.34952926635742,0.7725462317466736
LSTM-EntityEmbedding-GAO,retail_inventory_daily,Units Sold,14,S005,P0002,30,16,0.3,0.001,32,sigmoid,37.867294,0.7988869,39.160648345947266,0.4778260588645935
LSTM-EntityEmbedding-GAO,retail_inventory_daily,Units Sold,14,S005,P0003,30,16,0.3,0.001,32,sigmoid,43.559242,0.810351,37.87641143798828,0.6958683729171753
LSTM-EntityEmbedding-GAO,retail_inventory_daily,Units Sold,14,S005,P0004,30,16,0.3,0.001,32,sigmoid,34.385143,0.804796,40.72483825683594,0.48356080055236816
LSTM-EntityEmbedding-GAO,retail_inventory_daily,Units Sold,14,S005,P0005,30,16,0.3,0.001,32,sigmoid,35.88556,0.69340813,42.082435607910156,0.8493548035621643
LSTM-EntityEmbedding-GAO,retail_inventory_daily,Units Sold,14,S005,P0006,30,16,0.3,0.001,32,sigmoid,36.441452,0.7072151,48.32627487182617,0.6938356757164001
LSTM-EntityEmbedding-GAO,retail_inventory_daily,Units Sold,14,S005,P0007,30,16,0.3,0.001,32,sigmoid,36.938168,0.74259967,46.28059768676758,0.5162568092346191
LSTM-EntityEmbedding-GAO,retail_inventory_daily,Units Sold,14,S005,P0008,30,16,0.3,0.001,32,sigmoid,30.95632,0.70255846,34.424766540527344,0.41157010197639465
LSTM-EntityEmbedding-GAO,retail_inventory_daily,Units Sold,14,S005,P0009,30,16,0.3,0.001,32,sigmoid,39.46848,0.79695237,46.875240325927734,0.8462468981742859
LSTM-EntityEmbedding-GAO,retail_inventory_daily,Units Sold,14,S005,P0010,30,16,0.3,0.001,32,sigmoid,36.91638,0.7183635,46.67656707763672,0.49992677569389343
LSTM-EntityEmbedding-GAO,retail_inventory_daily,Units Sold,14,S005,P0011,30,16,0.3,0.001,32,sigmoid,44.234474,0.93496037,44.81520080566406,0.7924965023994446
LSTM-EntityEmbedding-GAO,retail_inventory_daily,Units Sold,14,S005,P0012,30,16,0.3,0.001,32,sigmoid,38.705048,0.87048584,34.76246643066406,0.5312575101852417
LSTM-EntityEmbedding-GAO,retail_inventory_daily,Units Sold,14,S005,P0013,30,16,0.3,0.001,32,sigmoid,40.394028,0.7455757,47.683231353759766,0.5475229024887085
LSTM-EntityEmbedding-GAO,retail_inventory_daily,Units Sold,14,S005,P0014,30,16,0.3,0.001,32,sigmoid,40.907616,0.8071276,32.06697463989258,0.6961021423339844
LSTM-EntityEmbedding-GAO,retail_inventory_daily,Units Sold,14,S005,P0015,30,16,0.3,0.001,32,sigmoid,38.01481,0.7196835,42.41009521484375,0.7158935070037842
LSTM-EntityEmbedding-GAO,retail_inventory_daily,Units Sold,14,S005,P0016,30,16,0.3,0.001,32,sigmoid,51.679028,0.8602037,44.985008239746094,0.9347506761550903
LSTM-EntityEmbedding-GAO,retail_inventory_daily,Units Sold,14,S005,P0017,30,16,0.3,0.001,32,sigmoid,46.7127,0.86713016,41.38290786743164,0.7700949907302856
LSTM-EntityEmbedding-GAO,retail_inventory_daily,Units Sold,14,S005,P0018,30,16,0.3,0.001,32,sigmoid,29.45548,0.67559195,34.11083984375,0.3672897219657898
LSTM-EntityEmbedding-GAO,retail_inventory_daily,Units Sold,14,S005,P0019,30,16,0.3,0.001,32,sigmoid,43.2705,0.86977315,32.26212692260742,0.5798556208610535
LSTM-EntityEmbedding-GAO,retail_inventory_daily,Units Sold,14,S005,P0020,30,16,0.3,0.001,32,sigmoid,39.634846,0.7604713,33.51494216918945,0.6381577849388123
LSTM-EntityEmbedding-GAO,retail_inventory_daily,Units Sold,28,S001,P0001,30,16,0.3,0.001,32,sigmoid,36.244045,0.8722366,39.13797378540039,0.48168832063674927
LSTM-EntityEmbedding-GAO,retail_inventory_daily,Units Sold,28,S001,P0002,30,16,0.3,0.001,32,sigmoid,29.09868,0.6442645,34.349639892578125,0.43582683801651
LSTM-EntityEmbedding-GAO,retail_inventory_daily,Units Sold,28,S001,P0003,30,16,0.3,0.001,32,sigmoid,33.556854,0.6754176,45.76815414428711,0.537518322467804
LSTM-EntityEmbedding-GAO,retail_inventory_daily,Units Sold,28,S001,P0004,30,16,0.3,0.001,32,sigmoid,41.136265,0.81561214,36.86115646362305,0.731429398059845
LSTM-EntityEmbedding-GAO,retail_inventory_daily,Units Sold,28,S001,P0005,30,16,0.3,0.001,32,sigmoid,36.542183,0.7276904,42.529144287109375,0.46632513403892517
LSTM-EntityEmbedding-GAO,retail_inventory_daily,Units Sold,28,S001,P0006,30,16,0.3,0.001,32,sigmoid,48.65119,0.7644413,44.857120513916016,0.9570013284683228
LSTM-EntityEmbedding-GAO,retail_inventory_daily,Units Sold,28,S001,P0007,30,16,0.3,0.001,32,sigmoid,44.070362,0.840541,53.594112396240234,0.6496695876121521
LSTM-EntityEmbedding-GAO,retail_inventory_daily,Units Sold,28,S001,P0008,30,16,0.3,0.001,32,sigmoid,33.008247,0.7293815,30.593549728393555,0.44515419006347656
LSTM-EntityEmbedding-GAO,retail_inventory_daily,Units Sold,28,S001,P0009,30,16,0.3,0.001,32,sigmoid,32.94207,0.8827857,46.67240905761719,0.4307284653186798
LSTM-EntityEmbedding-GAO,retail_inventory_daily,Units Sold,28,S001,P0010,30,16,0.3,0.001,32,sigmoid,34.820324,0.7347752,29.578359603881836,0.46492502093315125
LSTM-EntityEmbedding-GAO,retail_inventory_daily,Units Sold,28,S001,P0011,30,16,0.3,0.001,32,sigmoid,37.95029,0.76425946,31.260351181030273,0.519158124923706
LSTM-EntityEmbedding-GAO,retail_inventory_daily,Units Sold,28,S001,P0012,30,16,0.3,0.001,32,sigmoid,37.500225,0.7332366,44.35961151123047,0.570448100566864
LSTM-EntityEmbedding-GAO,retail_inventory_daily,Units Sold,28,S001,P0013,30,16,0.3,0.001,32,sigmoid,44.617714,0.84111357,36.82942581176758,0.6754088997840881
LSTM-EntityEmbedding-GAO,retail_inventory_daily,Units Sold,28,S001,P0014,30,16,0.3,0.001,32,sigmoid,39.921043,0.7849239,46.10537338256836,0.6161468029022217
LSTM-EntityEmbedding-GAO,retail_inventory_daily,Units Sold,28,S001,P0015,30,16,0.3,0.001,32,sigmoid,39.50031,0.7667972,34.760162353515625,0.6351320147514343
LSTM-EntityEmbedding-GAO,retail_inventory_daily,Units Sold,28,S001,P0016,30,16,0.3,0.001,32,sigmoid,40.660484,0.68193686,48.24080276489258,0.7477365732192993
LSTM-EntityEmbedding-GAO,retail_inventory_daily,Units Sold,28,S001,P0017,30,16,0.3,0.001,32,sigmoid,44.86223,0.8519892,36.31682586669922,0.7551941275596619
LSTM-EntityEmbedding-GAO,retail_inventory_daily,Units Sold,28,S001,P0018,30,16,0.3,0.001,32,sigmoid,34.256943,0.79572266,38.78668975830078,0.45818614959716797
LSTM-EntityEmbedding-GAO,retail_inventory_daily,Units Sold,28,S001,P0019,30,16,0.3,0.001,32,sigmoid,40.879234,0.8707642,29.016313552856445,0.5789098739624023
LSTM-EntityEmbedding-GAO,retail_inventory_daily,Units Sold,28,S001,P0020,30,16,0.3,0.001,32,sigmoid,44.18795,0.7871824,32.211917877197266,0.6417357325553894
LSTM-EntityEmbedding-GAO,retail_inventory_daily,Units Sold,28,S002,P0001,30,16,0.3,0.001,32,sigmoid,42.653984,0.82715905,52.97365951538086,0.6059564352035522
LSTM-EntityEmbedding-GAO,retail_inventory_daily,Units Sold,28,S002,P0002,30,16,0.3,0.001,32,sigmoid,46.125336,0.8165875,42.70526885986328,0.6665943264961243
LSTM-EntityEmbedding-GAO,retail_inventory_daily,Units Sold,28,S002,P0003,30,16,0.3,0.001,32,sigmoid,41.53479,0.7694387,44.284976959228516,0.6639786958694458
LSTM-EntityEmbedding-GAO,retail_inventory_daily,Units Sold,28,S002,P0004,30,16,0.3,0.001,32,sigmoid,33.84429,0.6911808,41.412559509277344,0.44514426589012146
LSTM-EntityEmbedding-GAO,retail_inventory_daily,Units Sold,28,S002,P0005,30,16,0.3,0.001,32,sigmoid,38.87222,0.7874056,39.82535934448242,0.5384731888771057
LSTM-EntityEmbedding-GAO,retail_inventory_daily,Units Sold,28,S002,P0006,30,16,0.3,0.001,32,sigmoid,29.06917,0.7375779,33.21755599975586,0.4198896586894989
LSTM-EntityEmbedding-GAO,retail_inventory_daily,Units Sold,28,S002,P0007,30,16,0.3,0.001,32,sigmoid,49.482845,0.8925872,43.52526092529297,0.748414158821106
LSTM-EntityEmbedding-GAO,retail_inventory_daily,Units Sold,28,S002,P0008,30,16,0.3,0.001,32,sigmoid,32.674652,0.71692723,36.80592727661133,0.45786404609680176
LSTM-EntityEmbedding-GAO,retail_inventory_daily,Units Sold,28,S002,P0009,30,16,0.3,0.001,32,sigmoid,36.902462,0.7764121,43.36772155761719,0.49188432097435
LSTM-EntityEmbedding-GAO,retail_inventory_daily,Units Sold,28,S002,P0010,30,16,0.3,0.001,32,sigmoid,28.632587,0.727113,34.077022552490234,0.3496357202529907
LSTM-EntityEmbedding-GAO,retail_inventory_daily,Units Sold,28,S002,P0011,30,16,0.3,0.001,32,sigmoid,41.811394,0.7461541,49.14019012451172,0.9162350296974182
LSTM-EntityEmbedding-GAO,retail_inventory_daily,Units Sold,28,S002,P0012,30,16,0.3,0.001,32,sigmoid,34.89818,0.69164145,35.763641357421875,0.4902470111846924
LSTM-EntityEmbedding-GAO,retail_inventory_daily,Units Sold,28,S002,P0013,30,16,0.3,0.001,32,sigmoid,43.573044,0.7246348,48.84580612182617,0.7375392317771912
LSTM-EntityEmbedding-GAO,retail_inventory_daily,Units Sold,28,S002,P0014,30,16,0.3,0.001,32,sigmoid,47.713108,0.9400055,44.4205436706543,0.8648889064788818
LSTM-EntityEmbedding-GAO,retail_inventory_daily,Units Sold,28,S002,P0015,30,16,0.3,0.001,32,sigmoid,36.07344,0.7359288,43.718624114990234,0.8273465633392334
LSTM-EntityEmbedding-GAO,retail_inventory_daily,Units Sold,28,S002,P0016,30,16,0.3,0.001,32,sigmoid,35.69178,0.7865497,41.786033630371094,0.6512536406517029
LSTM-EntityEmbedding-GAO,retail_inventory_daily,Units Sold,28,S002,P0017,30,16,0.3,0.001,32,sigmoid,51.0683,0.84192157,45.74263381958008,0.9071666598320007
LSTM-EntityEmbedding-GAO,retail_inventory_daily,Units Sold,28,S002,P0018,30,16,0.3,0.001,32,sigmoid,30.449162,0.76248837,30.350337982177734,0.4224899113178253
LSTM-EntityEmbedding-GAO,retail_inventory_daily,Units Sold,28,S002,P0019,30,16,0.3,0.001,32,sigmoid,33.561504,0.68948406,38.633766174316406,0.6670849323272705
LSTM-EntityEmbedding-GAO,retail_inventory_daily,Units Sold,28,S002,P0020,30,16,0.3,0.001,32,sigmoid,43.725594,0.8783637,32.49028396606445,0.5542593598365784
LSTM-EntityEmbedding-GAO,retail_inventory_daily,Units Sold,28,S003,P0001,30,16,0.3,0.001,32,sigmoid,50.504257,0.8797989,44.00517654418945,0.9804664850234985
LSTM-EntityEmbedding-GAO,retail_inventory_daily,Units Sold,28,S003,P0002,30,16,0.3,0.001,32,sigmoid,44.703423,0.8233231,50.7027702331543,0.7762817144393921
LSTM-EntityEmbedding-GAO,retail_inventory_daily,Units Sold,28,S003,P0003,30,16,0.3,0.001,32,sigmoid,34.28432,0.8064886,36.244384765625,0.520313560962677
LSTM-EntityEmbedding-GAO,retail_inventory_daily,Units Sold,28,S003,P0004,30,16,0.3,0.001,32,sigmoid,40.8179,0.8388296,51.76228332519531,0.766110897064209
LSTM-EntityEmbedding-GAO,retail_inventory_daily,Units Sold,28,S003,P0005,30,16,0.3,0.001,32,sigmoid,48.32235,0.7962899,43.881202697753906,0.8588900566101074
LSTM-EntityEmbedding-GAO,retail_inventory_daily,Units Sold,28,S003,P0006,30,16,0.3,0.001,32,sigmoid,40.911945,0.8176077,35.364200592041016,0.6470983028411865
LSTM-EntityEmbedding-GAO,retail_inventory_daily,Units Sold,28,S003,P0007,30,16,0.3,0.001,32,sigmoid,33.947163,0.6843987,44.81484603881836,0.515051007270813
LSTM-EntityEmbedding-GAO,retail_inventory_daily,Units Sold,28,S003,P0008,30,16,0.3,0.001,32,sigmoid,30.403042,0.7209543,38.485843658447266,0.36527663469314575
LSTM-EntityEmbedding-GAO,retail_inventory_daily,Units Sold,28,S003,P0009,30,16,0.3,0.001,32,sigmoid,33.8322,0.8119436,37.82026672363281,0.4542134404182434
LSTM-EntityEmbedding-GAO,retail_inventory_daily,Units Sold,28,S003,P0010,30,16,0.3,0.001,32,sigmoid,31.726488,0.7062797,35.28419876098633,0.5150448083877563
LSTM-EntityEmbedding-GAO,retail_inventory_daily,Units Sold,28,S003,P0011,30,16,0.3,0.001,32,sigmoid,43.779625,0.82771343,43.63136291503906,1.0004409551620483
LSTM-EntityEmbedding-GAO,retail_inventory_daily,Units Sold,28,S003,P0012,30,16,0.3,0.001,32,sigmoid,40.297768,0.79948276,32.07025909423828,0.6798633337020874
LSTM-EntityEmbedding-GAO,retail_inventory_daily,Units Sold,28,S003,P0013,30,16,0.3,0.001,32,sigmoid,39.244427,0.6894942,44.66496658325195,0.9030104875564575
LSTM-EntityEmbedding-GAO,retail_inventory_daily,Units Sold,28,S003,P0014,30,16,0.3,0.001,32,sigmoid,34.719475,0.78733784,44.721336364746094,0.44059857726097107
LSTM-EntityEmbedding-GAO,retail_inventory_daily,Units Sold,28,S003,P0015,30,16,0.3,0.001,32,sigmoid,39.605564,0.70224434,45.54209518432617,0.8370057344436646
LSTM-EntityEmbedding-GAO,retail_inventory_daily,Units Sold,28,S003,P0016,30,16,0.3,0.001,32,sigmoid,35.568844,0.6840056,41.75341796875,0.4912841320037842
LSTM-EntityEmbedding-GAO,retail_inventory_daily,Units Sold,28,S003,P0017,30,16,0.3,0.001,32,sigmoid,42.389496,0.8414552,32.52804183959961,0.7579074501991272
LSTM-EntityEmbedding-GAO,retail_inventory_daily,Units Sold,28,S003,P0018,30,16,0.3,0.001,32,sigmoid,41.445957,0.86625814,31.799041748046875,0.5511174201965332
LSTM-EntityEmbedding-GAO,retail_inventory_daily,Units Sold,28,S003,P0019,30,16,0.3,0.001,32,sigmoid,25.686396,0.59663707,29.537778854370117,0.37375158071517944
LSTM-EntityEmbedding-GAO,retail_inventory_daily,Units Sold,28,S003,P0020,30,16,0.3,0.001,32,sigmoid,28.90739,0.69685215,45.18934631347656,0.38331636786460876
LSTM-EntityEmbedding-GAO,retail_inventory_daily,Units Sold,28,S004,P0001,30,16,0.3,0.001,32,sigmoid,40.775654,0.80105525,49.55937576293945,0.8502668142318726
LSTM-EntityEmbedding-GAO,retail_inventory_daily,Units Sold,28,S004,P0002,30,16,0.3,0.001,32,sigmoid,45.507786,0.79377633,48.92241668701172,0.8444818258285522
LSTM-EntityEmbedding-GAO,retail_inventory_daily,Units Sold,28,S004,P0003,30,16,0.3,0.001,32,sigmoid,43.929012,0.9478415,40.03636169433594,0.6177916526794434
LSTM-EntityEmbedding-GAO,retail_inventory_daily,Units Sold,28,S004,P0004,30,16,0.3,0.001,32,sigmoid,39.26264,0.76253855,49.3798942565918,0.7773467898368835
LSTM-EntityEmbedding-GAO,retail_inventory_daily,Units Sold,28,S004,P0005,30,16,0.3,0.001,32,sigmoid,31.629917,0.7719621,33.88018035888672,0.41922253370285034
LSTM-EntityEmbedding-GAO,retail_inventory_daily,Units Sold,28,S004,P0006,30,16,0.3,0.001,32,sigmoid,36.055542,0.639535,40.09798049926758,0.5031837224960327
LSTM-EntityEmbedding-GAO,retail_inventory_daily,Units Sold,28,S004,P0007,30,16,0.3,0.001,32,sigmoid,39.825188,0.8265066,50.450016021728516,0.5698152184486389
LSTM-EntityEmbedding-GAO,retail_inventory_daily,Units Sold,28,S004,P0008,30,16,0.3,0.001,32,sigmoid,39.496258,0.8709382,27.95688819885254,0.5519301295280457
LSTM-EntityEmbedding-GAO,retail_inventory_daily,Units Sold,28,S004,P0009,30,16,0.3,0.001,32,sigmoid,35.133762,0.69219553,40.343875885009766,0.8196382522583008
LSTM-EntityEmbedding-GAO,retail_inventory_daily,Units Sold,28,S004,P0010,30,16,0.3,0.001,32,sigmoid,41.646267,0.7790767,48.913795471191406,0.6402526497840881
LSTM-EntityEmbedding-GAO,retail_inventory_daily,Units Sold,28,S004,P0011,30,16,0.3,0.001,32,sigmoid,35.989876,0.7837407,51.19169235229492,0.5032343864440918
LSTM-EntityEmbedding-GAO,retail_inventory_daily,Units Sold,28,S004,P0012,30,16,0.3,0.001,32,sigmoid,33.840622,0.899961,34.7866096496582,0.42030683159828186
LSTM-EntityEmbedding-GAO,retail_inventory_daily,Units Sold,28,S004,P0013,30,16,0.3,0.001,32,sigmoid,42.24348,0.7648922,49.77763748168945,0.7195372581481934
LSTM-EntityEmbedding-GAO,retail_inventory_daily,Units Sold,28,S004,P0014,30,16,0.3,0.001,32,sigmoid,42.272022,0.813756,34.13320541381836,0.5853366851806641
LSTM-EntityEmbedding-GAO,retail_inventory_daily,Units Sold,28,S004,P0015,30,16,0.3,0.001,32,sigmoid,43.44051,0.8121022,32.51007080078125,0.6002471446990967
LSTM-EntityEmbedding-GAO,retail_inventory_daily,Units Sold,28,S004,P0016,30,16,0.3,0.001,32,sigmoid,42.951714,0.8100012,32.4525032043457,0.7434027791023254
LSTM-EntityEmbedding-GAO,retail_inventory_daily,Units Sold,28,S004,P0017,30,16,0.3,0.001,32,sigmoid,28.173334,0.6882053,32.700557708740234,0.399137020111084
LSTM-EntityEmbedding-GAO,retail_inventory_daily,Units Sold,28,S004,P0018,30,16,0.3,0.001,32,sigmoid,36.2351,0.7602313,26.506526947021484,0.5497309565544128
LSTM-EntityEmbedding-GAO,retail_inventory_daily,Units Sold,28,S004,P0019,30,16,0.3,0.001,32,sigmoid,28.3485,0.7193799,34.79145431518555,0.41322094202041626
LSTM-EntityEmbedding-GAO,retail_inventory_daily,Units Sold,28,S004,P0020,30,16,0.3,0.001,32,sigmoid,43.61231,0.82108915,33.10675811767578,0.7595493197441101
LSTM-EntityEmbedding-GAO,retail_inventory_daily,Units Sold,28,S005,P0001,30,16,0.3,0.001,32,sigmoid,40.727547,0.7485384,44.39636993408203,0.7985901236534119
LSTM-EntityEmbedding-GAO,retail_inventory_daily,Units Sold,28,S005,P0002,30,16,0.3,0.001,32,sigmoid,38.73332,0.8182329,39.789520263671875,0.4888940155506134
LSTM-EntityEmbedding-GAO,retail_inventory_daily,Units Sold,28,S005,P0003,30,16,0.3,0.001,32,sigmoid,42.47537,0.79660594,38.22319030761719,0.7171972393989563
LSTM-EntityEmbedding-GAO,retail_inventory_daily,Units Sold,28,S005,P0004,30,16,0.3,0.001,32,sigmoid,34.96412,0.8256823,41.295127868652344,0.49869757890701294
LSTM-EntityEmbedding-GAO,retail_inventory_daily,Units Sold,28,S005,P0005,30,16,0.3,0.001,32,sigmoid,36.631504,0.716038,42.89105224609375,0.8657156229019165
LSTM-EntityEmbedding-GAO,retail_inventory_daily,Units Sold,28,S005,P0006,30,16,0.3,0.001,32,sigmoid,38.24978,0.74972755,49.2195930480957,0.709882378578186
LSTM-EntityEmbedding-GAO,retail_inventory_daily,Units Sold,28,S005,P0007,30,16,0.3,0.001,32,sigmoid,38.15131,0.77100354,46.51149368286133,0.5284684896469116
LSTM-EntityEmbedding-GAO,retail_inventory_daily,Units Sold,28,S005,P0008,30,16,0.3,0.001,32,sigmoid,32.028187,0.73376197,35.303653717041016,0.42606988549232483
LSTM-EntityEmbedding-GAO,retail_inventory_daily,Units Sold,28,S005,P0009,30,16,0.3,0.001,32,sigmoid,39.307667,0.79939324,47.13991928100586,0.8558200001716614
LSTM-EntityEmbedding-GAO,retail_inventory_daily,Units Sold,28,S005,P0010,30,16,0.3,0.001,32,sigmoid,37.918156,0.7409254,46.52853012084961,0.5043990015983582
LSTM-EntityEmbedding-GAO,retail_inventory_daily,Units Sold,28,S005,P0011,30,16,0.3,0.001,32,sigmoid,43.54917,0.91516757,43.412315368652344,0.7809769511222839
LSTM-EntityEmbedding-GAO,retail_inventory_daily,Units Sold,28,S005,P0012,30,16,0.3,0.001,32,sigmoid,38.099133,0.8546289,33.59579086303711,0.5183157920837402
LSTM-EntityEmbedding-GAO,retail_inventory_daily,Units Sold,28,S005,P0013,30,16,0.3,0.001,32,sigmoid,42.057636,0.79213244,49.89165115356445,0.5780938863754272
LSTM-EntityEmbedding-GAO,retail_inventory_daily,Units Sold,28,S005,P0014,30,16,0.3,0.001,32,sigmoid,40.34286,0.7957922,31.91702651977539,0.6984525322914124
LSTM-EntityEmbedding-GAO,retail_inventory_daily,Units Sold,28,S005,P0015,30,16,0.3,0.001,32,sigmoid,41.71966,0.8108666,45.45918655395508,0.7450225353240967
LSTM-EntityEmbedding-GAO,retail_inventory_daily,Units Sold,28,S005,P0016,30,16,0.3,0.001,32,sigmoid,49.263653,0.8216787,44.16905975341797,0.9346105456352234
LSTM-EntityEmbedding-GAO,retail_inventory_daily,Units Sold,28,S005,P0017,30,16,0.3,0.001,32,sigmoid,46.292877,0.85880506,39.90365219116211,0.7592390179634094
LSTM-EntityEmbedding-GAO,retail_inventory_daily,Units Sold,28,S005,P0018,30,16,0.3,0.001,32,sigmoid,29.646544,0.68002814,33.947147369384766,0.36768779158592224
LSTM-EntityEmbedding-GAO,retail_inventory_daily,Units Sold,28,S005,P0019,30,16,0.3,0.001,32,sigmoid,43.045105,0.863565,31.653106689453125,0.5747644901275635
LSTM-EntityEmbedding-GAO,retail_inventory_daily,Units Sold,28,S005,P0020,30,16,0.3,0.001,32,sigmoid,39.243134,0.7606461,33.47830581665039,0.6429205536842346
