model,dataset,target,horizon,store,product,lookback,smape,mase,rmse,rmsle
LSTM-EntityEmbedding-Optuna,retail_inventory_daily,Units Sold,7,S001,P0001,14,34.244736,0.8273809,38.29739761352539,0.4649305045604706
LSTM-EntityEmbedding-Optuna,retail_inventory_daily,Units Sold,7,S001,P0002,14,30.72513,0.6871203,35.80968475341797,0.4448607861995697
LSTM-EntityEmbedding-Optuna,retail_inventory_daily,Units Sold,7,S001,P0003,14,35.717297,0.7400679,49.69287109375,0.5468297600746155
LSTM-EntityEmbedding-Optuna,retail_inventory_daily,Units Sold,7,S001,P0004,14,40.645756,0.79897827,36.7254638671875,0.7008833289146423
LSTM-EntityEmbedding-Optuna,retail_inventory_daily,Units Sold,7,S001,P0005,14,35.956512,0.7096465,43.047672271728516,0.4665999114513397
LSTM-EntityEmbedding-Optuna,retail_inventory_daily,Units Sold,7,S001,P0006,14,46.959663,0.72858655,42.52477264404297,0.8995230793952942
LSTM-EntityEmbedding-Optuna,retail_inventory_daily,Units Sold,7,S001,P0007,14,41.916573,0.80052227,51.78280258178711,0.6207314729690552
LSTM-EntityEmbedding-Optuna,retail_inventory_daily,Units Sold,7,S001,P0008,14,34.5402,0.7590966,32.0240478515625,0.4573851227760315
LSTM-EntityEmbedding-Optuna,retail_inventory_daily,Units Sold,7,S001,P0009,14,32.233925,0.870958,44.69447326660156,0.4199431240558624
LSTM-EntityEmbedding-Optuna,retail_inventory_daily,Units Sold,7,S001,P0010,14,34.312363,0.7149665,28.40749740600586,0.43917807936668396
LSTM-EntityEmbedding-Optuna,retail_inventory_daily,Units Sold,7,S001,P0011,14,39.351685,0.80395085,32.38571548461914,0.5259947776794434
LSTM-EntityEmbedding-Optuna,retail_inventory_daily,Units Sold,7,S001,P0012,14,38.593758,0.7499355,44.3166389465332,0.54047691822052
LSTM-EntityEmbedding-Optuna,retail_inventory_daily,Units Sold,7,S001,P0013,14,42.664894,0.80257106,36.28893280029297,0.6355159282684326
LSTM-EntityEmbedding-Optuna,retail_inventory_daily,Units Sold,7,S001,P0014,14,39.150204,0.76094544,44.19306182861328,0.5749306678771973
LSTM-EntityEmbedding-Optuna,retail_inventory_daily,Units Sold,7,S001,P0015,14,40.342804,0.796139,35.08772277832031,0.6030359864234924
LSTM-EntityEmbedding-Optuna,retail_inventory_daily,Units Sold,7,S001,P0016,14,37.519775,0.6255918,45.83454895019531,0.7072034478187561
LSTM-EntityEmbedding-Optuna,retail_inventory_daily,Units Sold,7,S001,P0017,14,43.149117,0.7927648,34.682762145996094,0.6780610680580139
LSTM-EntityEmbedding-Optuna,retail_inventory_daily,Units Sold,7,S001,P0018,14,33.557125,0.7979194,39.50733947753906,0.4375057518482208
LSTM-EntityEmbedding-Optuna,retail_inventory_daily,Units Sold,7,S001,P0019,14,39.771023,0.8765131,30.013822555541992,0.5586540102958679
LSTM-EntityEmbedding-Optuna,retail_inventory_daily,Units Sold,7,S001,P0020,14,44.119556,0.7880335,31.776084899902344,0.6135273575782776
LSTM-EntityEmbedding-Optuna,retail_inventory_daily,Units Sold,7,S002,P0001,14,40.654373,0.7755498,49.643009185791016,0.5553091168403625
LSTM-EntityEmbedding-Optuna,retail_inventory_daily,Units Sold,7,S002,P0002,14,46.1102,0.79861575,42.28286361694336,0.637340247631073
LSTM-EntityEmbedding-Optuna,retail_inventory_daily,Units Sold,7,S002,P0003,14,40.464462,0.75197446,44.043548583984375,0.6449190974235535
LSTM-EntityEmbedding-Optuna,retail_inventory_daily,Units Sold,7,S002,P0004,14,33.40005,0.6792291,40.61698532104492,0.4249885678291321
LSTM-EntityEmbedding-Optuna,retail_inventory_daily,Units Sold,7,S002,P0005,14,38.897602,0.8045389,39.76657485961914,0.5153017044067383
LSTM-EntityEmbedding-Optuna,retail_inventory_daily,Units Sold,7,S002,P0006,14,31.120365,0.81425226,34.90822219848633,0.4323580861091614
LSTM-EntityEmbedding-Optuna,retail_inventory_daily,Units Sold,7,S002,P0007,14,50.22937,0.9287566,45.31753158569336,0.7477377653121948
LSTM-EntityEmbedding-Optuna,retail_inventory_daily,Units Sold,7,S002,P0008,14,29.664093,0.6548493,34.99519348144531,0.43240463733673096
LSTM-EntityEmbedding-Optuna,retail_inventory_daily,Units Sold,7,S002,P0009,14,38.553543,0.8102121,48.33049011230469,0.6735800504684448
LSTM-EntityEmbedding-Optuna,retail_inventory_daily,Units Sold,7,S002,P0010,14,28.5643,0.72571445,34.13206100463867,0.3468337953090668
LSTM-EntityEmbedding-Optuna,retail_inventory_daily,Units Sold,7,S002,P0011,14,42.04991,0.74470216,48.61524963378906,0.8806056976318359
LSTM-EntityEmbedding-Optuna,retail_inventory_daily,Units Sold,7,S002,P0012,14,32.74216,0.65012306,34.40355682373047,0.4610159993171692
LSTM-EntityEmbedding-Optuna,retail_inventory_daily,Units Sold,7,S002,P0013,14,41.278065,0.6755325,45.84314727783203,0.6877284049987793
LSTM-EntityEmbedding-Optuna,retail_inventory_daily,Units Sold,7,S002,P0014,14,45.190395,0.8687748,41.68620681762695,0.8077638745307922
LSTM-EntityEmbedding-Optuna,retail_inventory_daily,Units Sold,7,S002,P0015,14,36.050232,0.75030494,44.13112258911133,0.7984097003936768
LSTM-EntityEmbedding-Optuna,retail_inventory_daily,Units Sold,7,S002,P0016,14,35.992092,0.79696935,41.96860885620117,0.6438606977462769
LSTM-EntityEmbedding-Optuna,retail_inventory_daily,Units Sold,7,S002,P0017,14,52.384502,0.8594112,45.274723052978516,0.8570064306259155
LSTM-EntityEmbedding-Optuna,retail_inventory_daily,Units Sold,7,S002,P0018,14,30.631315,0.784382,31.69451904296875,0.43305543065071106
LSTM-EntityEmbedding-Optuna,retail_inventory_daily,Units Sold,7,S002,P0019,14,33.62613,0.7064417,39.62074661254883,0.6627546548843384
LSTM-EntityEmbedding-Optuna,retail_inventory_daily,Units Sold,7,S002,P0020,14,41.919613,0.8572381,32.44491958618164,0.5337371230125427
LSTM-EntityEmbedding-Optuna,retail_inventory_daily,Units Sold,7,S003,P0001,14,50.570168,0.87791824,44.36332321166992,0.9546117782592773
LSTM-EntityEmbedding-Optuna,retail_inventory_daily,Units Sold,7,S003,P0002,14,40.735855,0.7389824,47.21794509887695,0.7385714650154114
LSTM-EntityEmbedding-Optuna,retail_inventory_daily,Units Sold,7,S003,P0003,14,32.7542,0.766463,33.8422966003418,0.47657278180122375
LSTM-EntityEmbedding-Optuna,retail_inventory_daily,Units Sold,7,S003,P0004,14,40.659744,0.82346046,51.88711929321289,0.7260349988937378
LSTM-EntityEmbedding-Optuna,retail_inventory_daily,Units Sold,7,S003,P0005,14,51.769333,0.87482333,47.35514450073242,0.8744835257530212
LSTM-EntityEmbedding-Optuna,retail_inventory_daily,Units Sold,7,S003,P0006,14,40.199738,0.8086168,35.811485290527344,0.6216724514961243
LSTM-EntityEmbedding-Optuna,retail_inventory_daily,Units Sold,7,S003,P0007,14,34.04728,0.67730844,42.871192932128906,0.4947466254234314
LSTM-EntityEmbedding-Optuna,retail_inventory_daily,Units Sold,7,S003,P0008,14,31.756302,0.7660126,40.363502502441406,0.37665310502052307
LSTM-EntityEmbedding-Optuna,retail_inventory_daily,Units Sold,7,S003,P0009,14,35.358192,0.8530827,39.24184036254883,0.45861732959747314
LSTM-EntityEmbedding-Optuna,retail_inventory_daily,Units Sold,7,S003,P0010,14,32.67049,0.71598536,36.06735610961914,0.5370922088623047
LSTM-EntityEmbedding-Optuna,retail_inventory_daily,Units Sold,7,S003,P0011,14,40.14567,0.759671,41.55177688598633,0.9503129720687866
LSTM-EntityEmbedding-Optuna,retail_inventory_daily,Units Sold,7,S003,P0012,14,42.00191,0.84488434,33.2883415222168,0.6688132286071777
LSTM-EntityEmbedding-Optuna,retail_inventory_daily,Units Sold,7,S003,P0013,14,39.245773,0.6854811,44.330169677734375,0.8712111115455627
LSTM-EntityEmbedding-Optuna,retail_inventory_daily,Units Sold,7,S003,P0014,14,35.943283,0.8056142,45.995052337646484,0.4463077187538147
LSTM-EntityEmbedding-Optuna,retail_inventory_daily,Units Sold,7,S003,P0015,14,39.649414,0.7137977,44.951263427734375,0.8045822381973267
LSTM-EntityEmbedding-Optuna,retail_inventory_daily,Units Sold,7,S003,P0016,14,34.717754,0.66880304,41.207210540771484,0.472391813993454
LSTM-EntityEmbedding-Optuna,retail_inventory_daily,Units Sold,7,S003,P0017,14,44.555283,0.86500806,32.15077590942383,0.6937693357467651
LSTM-EntityEmbedding-Optuna,retail_inventory_daily,Units Sold,7,S003,P0018,14,40.130814,0.83244956,31.084857940673828,0.5489659309387207
LSTM-EntityEmbedding-Optuna,retail_inventory_daily,Units Sold,7,S003,P0019,14,25.995047,0.60665566,29.686626434326172,0.3686504662036896
LSTM-EntityEmbedding-Optuna,retail_inventory_daily,Units Sold,7,S003,P0020,14,31.337885,0.75663716,46.417572021484375,0.4049091339111328
LSTM-EntityEmbedding-Optuna,retail_inventory_daily,Units Sold,7,S004,P0001,14,38.150787,0.74174535,46.86579895019531,0.7945014238357544
LSTM-EntityEmbedding-Optuna,retail_inventory_daily,Units Sold,7,S004,P0002,14,42.136303,0.7200091,45.421756744384766,0.7808352708816528
LSTM-EntityEmbedding-Optuna,retail_inventory_daily,Units Sold,7,S004,P0003,14,42.57359,0.9239317,39.21623611450195,0.5897335410118103
LSTM-EntityEmbedding-Optuna,retail_inventory_daily,Units Sold,7,S004,P0004,14,40.529594,0.794219,50.641517639160156,0.7566794753074646
LSTM-EntityEmbedding-Optuna,retail_inventory_daily,Units Sold,7,S004,P0005,14,32.103916,0.79483247,35.07481384277344,0.4338749647140503
LSTM-EntityEmbedding-Optuna,retail_inventory_daily,Units Sold,7,S004,P0006,14,38.045242,0.6892409,44.55934143066406,0.5496474504470825
LSTM-EntityEmbedding-Optuna,retail_inventory_daily,Units Sold,7,S004,P0007,14,41.19279,0.8299985,50.40808868408203,0.7381728291511536
LSTM-EntityEmbedding-Optuna,retail_inventory_daily,Units Sold,7,S004,P0008,14,39.67411,0.8848646,28.30596923828125,0.5415163040161133
LSTM-EntityEmbedding-Optuna,retail_inventory_daily,Units Sold,7,S004,P0009,14,37.415737,0.7564379,43.116355895996094,0.8250551819801331
LSTM-EntityEmbedding-Optuna,retail_inventory_daily,Units Sold,7,S004,P0010,14,39.605297,0.74487495,47.513153076171875,0.6142884492874146
LSTM-EntityEmbedding-Optuna,retail_inventory_daily,Units Sold,7,S004,P0011,14,38.940575,0.8345278,51.35054016113281,0.5288267135620117
LSTM-EntityEmbedding-Optuna,retail_inventory_daily,Units Sold,7,S004,P0012,14,34.16524,0.9156318,35.35348892211914,0.4215407967567444
LSTM-EntityEmbedding-Optuna,retail_inventory_daily,Units Sold,7,S004,P0013,14,41.660656,0.75567335,50.214298248291016,0.7045720815658569
LSTM-EntityEmbedding-Optuna,retail_inventory_daily,Units Sold,7,S004,P0014,14,42.639797,0.8290616,34.4942512512207,0.5906903147697449
LSTM-EntityEmbedding-Optuna,retail_inventory_daily,Units Sold,7,S004,P0015,14,43.033802,0.83018225,32.98575973510742,0.5736261010169983
LSTM-EntityEmbedding-Optuna,retail_inventory_daily,Units Sold,7,S004,P0016,14,39.660603,0.7394929,30.679933547973633,0.7002672553062439
LSTM-EntityEmbedding-Optuna,retail_inventory_daily,Units Sold,7,S004,P0017,14,28.060156,0.69061136,33.20751953125,0.4073037803173065
LSTM-EntityEmbedding-Optuna,retail_inventory_daily,Units Sold,7,S004,P0018,14,36.85768,0.7762121,25.2114200592041,0.5131297707557678
LSTM-EntityEmbedding-Optuna,retail_inventory_daily,Units Sold,7,S004,P0019,14,28.67054,0.7255693,35.3492431640625,0.42033764719963074
LSTM-EntityEmbedding-Optuna,retail_inventory_daily,Units Sold,7,S004,P0020,14,43.782173,0.8304589,32.36338806152344,0.7408189177513123
LSTM-EntityEmbedding-Optuna,retail_inventory_daily,Units Sold,7,S005,P0001,14,38.753014,0.72033346,44.98869323730469,0.7651433944702148
LSTM-EntityEmbedding-Optuna,retail_inventory_daily,Units Sold,7,S005,P0002,14,34.767433,0.7355073,37.198970794677734,0.4467122256755829
LSTM-EntityEmbedding-Optuna,retail_inventory_daily,Units Sold,7,S005,P0003,14,43.029778,0.80999863,37.41460037231445,0.6566820740699768
LSTM-EntityEmbedding-Optuna,retail_inventory_daily,Units Sold,7,S005,P0004,14,34.847744,0.8213489,41.59767532348633,0.4821373522281647
LSTM-EntityEmbedding-Optuna,retail_inventory_daily,Units Sold,7,S005,P0005,14,35.838615,0.70913225,42.30189895629883,0.8280460238456726
LSTM-EntityEmbedding-Optuna,retail_inventory_daily,Units Sold,7,S005,P0006,14,35.391464,0.6864789,47.625732421875,0.6794121861457825
LSTM-EntityEmbedding-Optuna,retail_inventory_daily,Units Sold,7,S005,P0007,14,37.18679,0.7356088,45.7745475769043,0.5291744470596313
LSTM-EntityEmbedding-Optuna,retail_inventory_daily,Units Sold,7,S005,P0008,14,30.38383,0.69617474,33.54391860961914,0.39697131514549255
LSTM-EntityEmbedding-Optuna,retail_inventory_daily,Units Sold,7,S005,P0009,14,38.625286,0.77438813,46.26853942871094,0.8255451321601868
LSTM-EntityEmbedding-Optuna,retail_inventory_daily,Units Sold,7,S005,P0010,14,39.08758,0.74309236,47.86897277832031,0.5247220993041992
LSTM-EntityEmbedding-Optuna,retail_inventory_daily,Units Sold,7,S005,P0011,14,42.506985,0.8967873,43.66039276123047,0.770443320274353
LSTM-EntityEmbedding-Optuna,retail_inventory_daily,Units Sold,7,S005,P0012,14,39.516113,0.86242133,34.46786117553711,0.5737380385398865
LSTM-EntityEmbedding-Optuna,retail_inventory_daily,Units Sold,7,S005,P0013,14,41.435303,0.7476622,48.189125061035156,0.7095782160758972
LSTM-EntityEmbedding-Optuna,retail_inventory_daily,Units Sold,7,S005,P0014,14,37.66493,0.74469036,30.89745330810547,0.6626386642456055
LSTM-EntityEmbedding-Optuna,retail_inventory_daily,Units Sold,7,S005,P0015,14,38.217773,0.7454413,43.48029708862305,0.7060914039611816
LSTM-EntityEmbedding-Optuna,retail_inventory_daily,Units Sold,7,S005,P0016,14,51.946957,0.8581644,45.11553192138672,0.9109649062156677
LSTM-EntityEmbedding-Optuna,retail_inventory_daily,Units Sold,7,S005,P0017,14,45.633205,0.8394673,39.219242095947266,0.6972057819366455
LSTM-EntityEmbedding-Optuna,retail_inventory_daily,Units Sold,7,S005,P0018,14,29.567036,0.6898543,35.2547492980957,0.37876948714256287
LSTM-EntityEmbedding-Optuna,retail_inventory_daily,Units Sold,7,S005,P0019,14,40.74875,0.8165981,30.06263542175293,0.5224889516830444
LSTM-EntityEmbedding-Optuna,retail_inventory_daily,Units Sold,7,S005,P0020,14,41.661125,0.81181484,34.604251861572266,0.6253759264945984
LSTM-EntityEmbedding-Optuna,retail_inventory_daily,Units Sold,14,S001,P0001,14,36.459175,0.8802796,39.73098373413086,0.4895803928375244
LSTM-EntityEmbedding-Optuna,retail_inventory_daily,Units Sold,14,S001,P0002,14,29.076326,0.6441201,34.24418640136719,0.432617723941803
LSTM-EntityEmbedding-Optuna,retail_inventory_daily,Units Sold,14,S001,P0003,14,33.496273,0.6746429,45.728759765625,0.5406540036201477
LSTM-EntityEmbedding-Optuna,retail_inventory_daily,Units Sold,14,S001,P0004,14,44.119408,0.8820033,39.26850891113281,0.7516731023788452
LSTM-EntityEmbedding-Optuna,retail_inventory_daily,Units Sold,14,S001,P0005,14,35.94094,0.7118564,41.842403411865234,0.45560258626937866
LSTM-EntityEmbedding-Optuna,retail_inventory_daily,Units Sold,14,S001,P0006,14,47.763027,0.7560211,44.897090911865234,0.9558627605438232
LSTM-EntityEmbedding-Optuna,retail_inventory_daily,Units Sold,14,S001,P0007,14,43.92181,0.8373083,53.922386169433594,0.6486901044845581
LSTM-EntityEmbedding-Optuna,retail_inventory_daily,Units Sold,14,S001,P0008,14,33.156822,0.7323989,31.291046142578125,0.45161768794059753
LSTM-EntityEmbedding-Optuna,retail_inventory_daily,Units Sold,14,S001,P0009,14,32.594753,0.8733817,45.66435241699219,0.427053838968277
LSTM-EntityEmbedding-Optuna,retail_inventory_daily,Units Sold,14,S001,P0010,14,34.668266,0.7363226,29.5859432220459,0.4702155292034149
LSTM-EntityEmbedding-Optuna,retail_inventory_daily,Units Sold,14,S001,P0011,14,38.65142,0.78436303,32.31076431274414,0.5301375985145569
LSTM-EntityEmbedding-Optuna,retail_inventory_daily,Units Sold,14,S001,P0012,14,37.154293,0.7181795,43.174766540527344,0.5518602132797241
LSTM-EntityEmbedding-Optuna,retail_inventory_daily,Units Sold,14,S001,P0013,14,45.494453,0.86624825,38.713932037353516,0.6911262273788452
LSTM-EntityEmbedding-Optuna,retail_inventory_daily,Units Sold,14,S001,P0014,14,39.888824,0.77910596,45.58488845825195,0.6045479774475098
LSTM-EntityEmbedding-Optuna,retail_inventory_daily,Units Sold,14,S001,P0015,14,40.848984,0.8023426,36.267940521240234,0.6554685831069946
LSTM-EntityEmbedding-Optuna,retail_inventory_daily,Units Sold,14,S001,P0016,14,38.83816,0.6401474,45.96513366699219,0.7277383804321289
LSTM-EntityEmbedding-Optuna,retail_inventory_daily,Units Sold,14,S001,P0017,14,44.826897,0.8449343,36.38920593261719,0.7519342303276062
LSTM-EntityEmbedding-Optuna,retail_inventory_daily,Units Sold,14,S001,P0018,14,33.043663,0.7622591,37.58198165893555,0.44721415638923645
LSTM-EntityEmbedding-Optuna,retail_inventory_daily,Units Sold,14,S001,P0019,14,41.863735,0.8947524,30.07105255126953,0.587548553943634
LSTM-EntityEmbedding-Optuna,retail_inventory_daily,Units Sold,14,S001,P0020,14,46.29735,0.8290183,33.44705581665039,0.6516029238700867
LSTM-EntityEmbedding-Optuna,retail_inventory_daily,Units Sold,14,S002,P0001,14,41.654865,0.79463303,50.46580505371094,0.5730276107788086
LSTM-EntityEmbedding-Optuna,retail_inventory_daily,Units Sold,14,S002,P0002,14,45.534985,0.8005639,42.60554885864258,0.6610372066497803
LSTM-EntityEmbedding-Optuna,retail_inventory_daily,Units Sold,14,S002,P0003,14,40.90288,0.75247335,43.90931701660156,0.6558085680007935
LSTM-EntityEmbedding-Optuna,retail_inventory_daily,Units Sold,14,S002,P0004,14,33.474205,0.6823975,41.199851989746094,0.43886294960975647
LSTM-EntityEmbedding-Optuna,retail_inventory_daily,Units Sold,14,S002,P0005,14,39.06212,0.78975403,39.19635772705078,0.5318241715431213
LSTM-EntityEmbedding-Optuna,retail_inventory_daily,Units Sold,14,S002,P0006,14,29.806828,0.75793517,33.6837043762207,0.42573633790016174
LSTM-EntityEmbedding-Optuna,retail_inventory_daily,Units Sold,14,S002,P0007,14,49.931423,0.9062489,43.827884674072266,0.7543131709098816
LSTM-EntityEmbedding-Optuna,retail_inventory_daily,Units Sold,14,S002,P0008,14,31.416517,0.68464935,35.88643264770508,0.4481172263622284
LSTM-EntityEmbedding-Optuna,retail_inventory_daily,Units Sold,14,S002,P0009,14,35.566277,0.7397754,41.85803985595703,0.4686412215232849
LSTM-EntityEmbedding-Optuna,retail_inventory_daily,Units Sold,14,S002,P0010,14,29.199451,0.7424042,34.20622253417969,0.3516371548175812
LSTM-EntityEmbedding-Optuna,retail_inventory_daily,Units Sold,14,S002,P0011,14,41.907066,0.74134135,48.36964416503906,0.9037617444992065
LSTM-EntityEmbedding-Optuna,retail_inventory_daily,Units Sold,14,S002,P0012,14,35.753483,0.7121795,36.91451644897461,0.5027755498886108
LSTM-EntityEmbedding-Optuna,retail_inventory_daily,Units Sold,14,S002,P0013,14,42.178066,0.68878496,46.99940490722656,0.7155429124832153
LSTM-EntityEmbedding-Optuna,retail_inventory_daily,Units Sold,14,S002,P0014,14,46.83936,0.91022414,43.17591857910156,0.841981828212738
LSTM-EntityEmbedding-Optuna,retail_inventory_daily,Units Sold,14,S002,P0015,14,35.57885,0.72395784,43.20331954956055,0.8253493309020996
LSTM-EntityEmbedding-Optuna,retail_inventory_daily,Units Sold,14,S002,P0016,14,35.22919,0.77581584,41.24610137939453,0.6510645151138306
LSTM-EntityEmbedding-Optuna,retail_inventory_daily,Units Sold,14,S002,P0017,14,53.477818,0.8880945,47.46200180053711,0.9197407364845276
LSTM-EntityEmbedding-Optuna,retail_inventory_daily,Units Sold,14,S002,P0018,14,30.63131,0.76977664,30.871923446655273,0.42956143617630005
LSTM-EntityEmbedding-Optuna,retail_inventory_daily,Units Sold,14,S002,P0019,14,34.673443,0.71608377,39.74672317504883,0.6742427945137024
LSTM-EntityEmbedding-Optuna,retail_inventory_daily,Units Sold,14,S002,P0020,14,43.41265,0.8726706,32.550682067871094,0.554793119430542
LSTM-EntityEmbedding-Optuna,retail_inventory_daily,Units Sold,14,S003,P0001,14,52.02783,0.916519,45.733524322509766,0.9956057071685791
LSTM-EntityEmbedding-Optuna,retail_inventory_daily,Units Sold,14,S003,P0002,14,42.011185,0.76001036,47.87898635864258,0.7595238089561462
LSTM-EntityEmbedding-Optuna,retail_inventory_daily,Units Sold,14,S003,P0003,14,34.575573,0.8112359,36.13201904296875,0.516574501991272
LSTM-EntityEmbedding-Optuna,retail_inventory_daily,Units Sold,14,S003,P0004,14,41.136982,0.84626913,52.64945983886719,0.7670237421989441
LSTM-EntityEmbedding-Optuna,retail_inventory_daily,Units Sold,14,S003,P0005,14,51.77042,0.88031447,47.9937629699707,0.9025588631629944
LSTM-EntityEmbedding-Optuna,retail_inventory_daily,Units Sold,14,S003,P0006,14,42.355606,0.85671556,37.49350357055664,0.6747725605964661
LSTM-EntityEmbedding-Optuna,retail_inventory_daily,Units Sold,14,S003,P0007,14,34.528603,0.697764,44.9630241394043,0.5167965292930603
LSTM-EntityEmbedding-Optuna,retail_inventory_daily,Units Sold,14,S003,P0008,14,31.08154,0.73629504,38.813232421875,0.37105169892311096
LSTM-EntityEmbedding-Optuna,retail_inventory_daily,Units Sold,14,S003,P0009,14,33.94752,0.81288344,37.73583221435547,0.4506990909576416
LSTM-EntityEmbedding-Optuna,retail_inventory_daily,Units Sold,14,S003,P0010,14,32.307972,0.7216132,35.80112838745117,0.5191952586174011
LSTM-EntityEmbedding-Optuna,retail_inventory_daily,Units Sold,14,S003,P0011,14,43.276917,0.8196512,43.62904357910156,0.9985490441322327
LSTM-EntityEmbedding-Optuna,retail_inventory_daily,Units Sold,14,S003,P0012,14,41.544827,0.8304043,33.202903747558594,0.6944698691368103
LSTM-EntityEmbedding-Optuna,retail_inventory_daily,Units Sold,14,S003,P0013,14,39.716373,0.699944,45.268306732177734,0.9027037024497986
LSTM-EntityEmbedding-Optuna,retail_inventory_daily,Units Sold,14,S003,P0014,14,35.483734,0.80380195,45.25978088378906,0.4462917149066925
LSTM-EntityEmbedding-Optuna,retail_inventory_daily,Units Sold,14,S003,P0015,14,40.706203,0.72486585,46.347965240478516,0.8380191326141357
LSTM-EntityEmbedding-Optuna,retail_inventory_daily,Units Sold,14,S003,P0016,14,37.132984,0.7204472,43.21150207519531,0.510396420955658
LSTM-EntityEmbedding-Optuna,retail_inventory_daily,Units Sold,14,S003,P0017,14,43.315174,0.8519684,32.576499938964844,0.7408925294876099
LSTM-EntityEmbedding-Optuna,retail_inventory_daily,Units Sold,14,S003,P0018,14,41.214172,0.86145157,31.501962661743164,0.5515646934509277
LSTM-EntityEmbedding-Optuna,retail_inventory_daily,Units Sold,14,S003,P0019,14,25.947851,0.60341233,29.75914192199707,0.37526610493659973
LSTM-EntityEmbedding-Optuna,retail_inventory_daily,Units Sold,14,S003,P0020,14,30.17823,0.7261664,46.1429328918457,0.39662280678749084
LSTM-EntityEmbedding-Optuna,retail_inventory_daily,Units Sold,14,S004,P0001,14,39.93603,0.769517,48.14802169799805,0.8280491232872009
LSTM-EntityEmbedding-Optuna,retail_inventory_daily,Units Sold,14,S004,P0002,14,43.583797,0.74322253,46.27936935424805,0.817064106464386
LSTM-EntityEmbedding-Optuna,retail_inventory_daily,Units Sold,14,S004,P0003,14,44.652878,0.9654065,40.30238342285156,0.6211856007575989
LSTM-EntityEmbedding-Optuna,retail_inventory_daily,Units Sold,14,S004,P0004,14,40.657417,0.7900786,50.76820373535156,0.7788137793540955
LSTM-EntityEmbedding-Optuna,retail_inventory_daily,Units Sold,14,S004,P0005,14,31.836254,0.77828467,33.911502838134766,0.422570139169693
LSTM-EntityEmbedding-Optuna,retail_inventory_daily,Units Sold,14,S004,P0006,14,36.422916,0.64859945,40.30856704711914,0.5077580213546753
LSTM-EntityEmbedding-Optuna,retail_inventory_daily,Units Sold,14,S004,P0007,14,40.73504,0.84274113,50.59003448486328,0.5678254961967468
LSTM-EntityEmbedding-Optuna,retail_inventory_daily,Units Sold,14,S004,P0008,14,40.99094,0.9092015,29.0252742767334,0.5656588077545166
LSTM-EntityEmbedding-Optuna,retail_inventory_daily,Units Sold,14,S004,P0009,14,34.991886,0.6934701,40.41743850708008,0.8304064869880676
LSTM-EntityEmbedding-Optuna,retail_inventory_daily,Units Sold,14,S004,P0010,14,41.256897,0.7696074,48.359073638916016,0.6352242827415466
LSTM-EntityEmbedding-Optuna,retail_inventory_daily,Units Sold,14,S004,P0011,14,36.349586,0.79153174,50.73033905029297,0.5051935911178589
LSTM-EntityEmbedding-Optuna,retail_inventory_daily,Units Sold,14,S004,P0012,14,34.858467,0.9268719,35.14875411987305,0.4274356961250305
LSTM-EntityEmbedding-Optuna,retail_inventory_daily,Units Sold,14,S004,P0013,14,40.443264,0.7264185,48.22391891479492,0.7096681594848633
LSTM-EntityEmbedding-Optuna,retail_inventory_daily,Units Sold,14,S004,P0014,14,43.429394,0.84260863,35.277530670166016,0.6030721068382263
LSTM-EntityEmbedding-Optuna,retail_inventory_daily,Units Sold,14,S004,P0015,14,43.70498,0.824666,33.36459732055664,0.6061745285987854
LSTM-EntityEmbedding-Optuna,retail_inventory_daily,Units Sold,14,S004,P0016,14,42.142685,0.7914572,32.02757263183594,0.7391691207885742
LSTM-EntityEmbedding-Optuna,retail_inventory_daily,Units Sold,14,S004,P0017,14,28.750443,0.7040885,33.00126266479492,0.40419912338256836
LSTM-EntityEmbedding-Optuna,retail_inventory_daily,Units Sold,14,S004,P0018,14,36.87945,0.7713309,26.265850067138672,0.5463407039642334
LSTM-EntityEmbedding-Optuna,retail_inventory_daily,Units Sold,14,S004,P0019,14,27.819008,0.70767325,35.13309097290039,0.4188900589942932
LSTM-EntityEmbedding-Optuna,retail_inventory_daily,Units Sold,14,S004,P0020,14,44.371136,0.83991,33.75413513183594,0.7736273407936096
LSTM-EntityEmbedding-Optuna,retail_inventory_daily,Units Sold,14,S005,P0001,14,39.083405,0.7085726,43.073486328125,0.7871989607810974
LSTM-EntityEmbedding-Optuna,retail_inventory_daily,Units Sold,14,S005,P0002,14,37.339508,0.7859989,38.56783676147461,0.470323771238327
LSTM-EntityEmbedding-Optuna,retail_inventory_daily,Units Sold,14,S005,P0003,14,44.746235,0.8462512,39.29146957397461,0.7193088531494141
LSTM-EntityEmbedding-Optuna,retail_inventory_daily,Units Sold,14,S005,P0004,14,35.53624,0.84024507,42.04484939575195,0.49957534670829773
LSTM-EntityEmbedding-Optuna,retail_inventory_daily,Units Sold,14,S005,P0005,14,36.44591,0.7090038,42.737064361572266,0.8578246831893921
LSTM-EntityEmbedding-Optuna,retail_inventory_daily,Units Sold,14,S005,P0006,14,36.583214,0.71415186,48.76546859741211,0.7044902443885803
LSTM-EntityEmbedding-Optuna,retail_inventory_daily,Units Sold,14,S005,P0007,14,37.671906,0.7621572,46.83161163330078,0.5293936133384705
LSTM-EntityEmbedding-Optuna,retail_inventory_daily,Units Sold,14,S005,P0008,14,31.356934,0.7139322,34.388954162597656,0.4152030646800995
LSTM-EntityEmbedding-Optuna,retail_inventory_daily,Units Sold,14,S005,P0009,14,38.530308,0.78072745,46.7808723449707,0.855708122253418
LSTM-EntityEmbedding-Optuna,retail_inventory_daily,Units Sold,14,S005,P0010,14,37.636505,0.73278195,47.06913375854492,0.5013642907142639
LSTM-EntityEmbedding-Optuna,retail_inventory_daily,Units Sold,14,S005,P0011,14,44.826187,0.95035994,45.688323974609375,0.8005821108818054
LSTM-EntityEmbedding-Optuna,retail_inventory_daily,Units Sold,14,S005,P0012,14,38.941254,0.8725379,34.71835708618164,0.525159478187561
LSTM-EntityEmbedding-Optuna,retail_inventory_daily,Units Sold,14,S005,P0013,14,40.9156,0.7612492,48.538856506347656,0.5579030513763428
LSTM-EntityEmbedding-Optuna,retail_inventory_daily,Units Sold,14,S005,P0014,14,40.148075,0.7945336,32.018394470214844,0.7017043232917786
LSTM-EntityEmbedding-Optuna,retail_inventory_daily,Units Sold,14,S005,P0015,14,41.466053,0.80322224,45.494720458984375,0.7405878305435181
LSTM-EntityEmbedding-Optuna,retail_inventory_daily,Units Sold,14,S005,P0016,14,53.90752,0.9148376,47.577911376953125,0.9603095650672913
LSTM-EntityEmbedding-Optuna,retail_inventory_daily,Units Sold,14,S005,P0017,14,47.041435,0.89233714,42.09939193725586,0.7813438773155212
LSTM-EntityEmbedding-Optuna,retail_inventory_daily,Units Sold,14,S005,P0018,14,29.401632,0.6758701,34.41067886352539,0.3712436854839325
LSTM-EntityEmbedding-Optuna,retail_inventory_daily,Units Sold,14,S005,P0019,14,43.486706,0.8716235,31.76881217956543,0.5723689198493958
LSTM-EntityEmbedding-Optuna,retail_inventory_daily,Units Sold,14,S005,P0020,14,41.067844,0.8095294,35.3745002746582,0.6603682041168213
LSTM-EntityEmbedding-Optuna,retail_inventory_daily,Units Sold,28,S001,P0001,14,36.934742,0.8901389,39.393714904785156,0.48617222905158997
LSTM-EntityEmbedding-Optuna,retail_inventory_daily,Units Sold,28,S001,P0002,14,30.22263,0.67705524,35.58903121948242,0.4537644386291504
LSTM-EntityEmbedding-Optuna,retail_inventory_daily,Units Sold,28,S001,P0003,14,33.289066,0.67326367,45.54274368286133,0.5476452112197876
LSTM-EntityEmbedding-Optuna,retail_inventory_daily,Units Sold,28,S001,P0004,14,41.740063,0.829602,36.900882720947266,0.7324411869049072
LSTM-EntityEmbedding-Optuna,retail_inventory_daily,Units Sold,28,S001,P0005,14,35.694115,0.7066492,41.51188659667969,0.45702624320983887
LSTM-EntityEmbedding-Optuna,retail_inventory_daily,Units Sold,28,S001,P0006,14,49.081863,0.77292025,45.00358200073242,0.9581195116043091
LSTM-EntityEmbedding-Optuna,retail_inventory_daily,Units Sold,28,S001,P0007,14,44.060265,0.84350234,53.66263961791992,0.657089352607727
LSTM-EntityEmbedding-Optuna,retail_inventory_daily,Units Sold,28,S001,P0008,14,33.00184,0.7300686,30.815372467041016,0.4497753381729126
LSTM-EntityEmbedding-Optuna,retail_inventory_daily,Units Sold,28,S001,P0009,14,32.26561,0.86690843,45.148929595947266,0.4312570095062256
LSTM-EntityEmbedding-Optuna,retail_inventory_daily,Units Sold,28,S001,P0010,14,35.252003,0.7453263,29.814167022705078,0.47020581364631653
LSTM-EntityEmbedding-Optuna,retail_inventory_daily,Units Sold,28,S001,P0011,14,39.466232,0.80176055,32.466468811035156,0.5346627831459045
LSTM-EntityEmbedding-Optuna,retail_inventory_daily,Units Sold,28,S001,P0012,14,37.26408,0.72571856,43.932769775390625,0.5651441216468811
LSTM-EntityEmbedding-Optuna,retail_inventory_daily,Units Sold,28,S001,P0013,14,44.87988,0.84251076,36.39689254760742,0.6666851043701172
LSTM-EntityEmbedding-Optuna,retail_inventory_daily,Units Sold,28,S001,P0014,14,40.08253,0.78751034,45.8414421081543,0.6134204268455505
LSTM-EntityEmbedding-Optuna,retail_inventory_daily,Units Sold,28,S001,P0015,14,39.127453,0.75605714,34.094242095947266,0.6275741457939148
LSTM-EntityEmbedding-Optuna,retail_inventory_daily,Units Sold,28,S001,P0016,14,39.757095,0.6604052,47.0635986328125,0.7370674014091492
LSTM-EntityEmbedding-Optuna,retail_inventory_daily,Units Sold,28,S001,P0017,14,44.700172,0.8407197,35.46635818481445,0.7403984665870667
LSTM-EntityEmbedding-Optuna,retail_inventory_daily,Units Sold,28,S001,P0018,14,33.67105,0.7790541,38.093040466308594,0.45302993059158325
LSTM-EntityEmbedding-Optuna,retail_inventory_daily,Units Sold,28,S001,P0019,14,41.516174,0.8876935,29.513507843017578,0.5844610929489136
LSTM-EntityEmbedding-Optuna,retail_inventory_daily,Units Sold,28,S001,P0020,14,43.876984,0.7783011,32.082698822021484,0.6360983848571777
LSTM-EntityEmbedding-Optuna,retail_inventory_daily,Units Sold,28,S002,P0001,14,42.033127,0.8099274,51.752357482910156,0.5949760675430298
LSTM-EntityEmbedding-Optuna,retail_inventory_daily,Units Sold,28,S002,P0002,14,45.273895,0.792663,41.340579986572266,0.64882892370224
LSTM-EntityEmbedding-Optuna,retail_inventory_daily,Units Sold,28,S002,P0003,14,41.57351,0.7705694,44.54955291748047,0.6653035879135132
LSTM-EntityEmbedding-Optuna,retail_inventory_daily,Units Sold,28,S002,P0004,14,34.502388,0.7079134,42.007503509521484,0.4543548822402954
LSTM-EntityEmbedding-Optuna,retail_inventory_daily,Units Sold,28,S002,P0005,14,38.862625,0.78671837,39.46186447143555,0.5361850261688232
LSTM-EntityEmbedding-Optuna,retail_inventory_daily,Units Sold,28,S002,P0006,14,30.531948,0.77907014,33.9132194519043,0.43434152007102966
LSTM-EntityEmbedding-Optuna,retail_inventory_daily,Units Sold,28,S002,P0007,14,49.07576,0.8788829,42.275634765625,0.7335155010223389
LSTM-EntityEmbedding-Optuna,retail_inventory_daily,Units Sold,28,S002,P0008,14,32.58507,0.71469146,36.49872589111328,0.4556843340396881
LSTM-EntityEmbedding-Optuna,retail_inventory_daily,Units Sold,28,S002,P0009,14,36.12591,0.75566846,42.70130157470703,0.4823051691055298
LSTM-EntityEmbedding-Optuna,retail_inventory_daily,Units Sold,28,S002,P0010,14,29.36628,0.7479399,34.7471923828125,0.3597864508628845
LSTM-EntityEmbedding-Optuna,retail_inventory_daily,Units Sold,28,S002,P0011,14,41.88503,0.74595284,48.89521026611328,0.9123613238334656
LSTM-EntityEmbedding-Optuna,retail_inventory_daily,Units Sold,28,S002,P0012,14,33.870712,0.6663571,34.4439811706543,0.4784407615661621
LSTM-EntityEmbedding-Optuna,retail_inventory_daily,Units Sold,28,S002,P0013,14,42.573174,0.702784,48.11641311645508,0.7316845655441284
LSTM-EntityEmbedding-Optuna,retail_inventory_daily,Units Sold,28,S002,P0014,14,47.07436,0.9227559,43.486305236816406,0.8578189611434937
LSTM-EntityEmbedding-Optuna,retail_inventory_daily,Units Sold,28,S002,P0015,14,36.293594,0.7442774,43.944793701171875,0.8364532589912415
LSTM-EntityEmbedding-Optuna,retail_inventory_daily,Units Sold,28,S002,P0016,14,35.566284,0.7864125,41.55510330200195,0.661654531955719
LSTM-EntityEmbedding-Optuna,retail_inventory_daily,Units Sold,28,S002,P0017,14,50.127613,0.8144436,44.27836227416992,0.8905605673789978
LSTM-EntityEmbedding-Optuna,retail_inventory_daily,Units Sold,28,S002,P0018,14,31.34163,0.7908962,31.157363891601562,0.4375644624233246
LSTM-EntityEmbedding-Optuna,retail_inventory_daily,Units Sold,28,S002,P0019,14,34.91529,0.7258349,40.0880126953125,0.6839355230331421
LSTM-EntityEmbedding-Optuna,retail_inventory_daily,Units Sold,28,S002,P0020,14,43.590034,0.8751486,32.334869384765625,0.5516849160194397
LSTM-EntityEmbedding-Optuna,retail_inventory_daily,Units Sold,28,S003,P0001,14,50.63312,0.88163936,44.16717529296875,0.9789557456970215
LSTM-EntityEmbedding-Optuna,retail_inventory_daily,Units Sold,28,S003,P0002,14,43.492256,0.7970922,49.742881774902344,0.7751836180686951
LSTM-EntityEmbedding-Optuna,retail_inventory_daily,Units Sold,28,S003,P0003,14,34.604984,0.8194722,37.03110122680664,0.5316229462623596
LSTM-EntityEmbedding-Optuna,retail_inventory_daily,Units Sold,28,S003,P0004,14,41.747795,0.86475855,52.66090393066406,0.7803621292114258
LSTM-EntityEmbedding-Optuna,retail_inventory_daily,Units Sold,28,S003,P0005,14,48.736988,0.8068521,44.710968017578125,0.8654303550720215
LSTM-EntityEmbedding-Optuna,retail_inventory_daily,Units Sold,28,S003,P0006,14,41.315773,0.82924455,35.84732437133789,0.6540278196334839
LSTM-EntityEmbedding-Optuna,retail_inventory_daily,Units Sold,28,S003,P0007,14,34.48566,0.6978205,44.83736038208008,0.5192098617553711
LSTM-EntityEmbedding-Optuna,retail_inventory_daily,Units Sold,28,S003,P0008,14,31.63095,0.7497629,38.40797424316406,0.37460818886756897
LSTM-EntityEmbedding-Optuna,retail_inventory_daily,Units Sold,28,S003,P0009,14,34.10915,0.82093686,38.3798942565918,0.46155592799186707
LSTM-EntityEmbedding-Optuna,retail_inventory_daily,Units Sold,28,S003,P0010,14,31.827684,0.70921046,35.307979583740234,0.5171751379966736
LSTM-EntityEmbedding-Optuna,retail_inventory_daily,Units Sold,28,S003,P0011,14,43.958057,0.8364016,44.45457077026367,1.0083316564559937
LSTM-EntityEmbedding-Optuna,retail_inventory_daily,Units Sold,28,S003,P0012,14,39.859398,0.7901468,31.666667938232422,0.6799733638763428
LSTM-EntityEmbedding-Optuna,retail_inventory_daily,Units Sold,28,S003,P0013,14,39.12788,0.6874147,44.47313690185547,0.9037582874298096
LSTM-EntityEmbedding-Optuna,retail_inventory_daily,Units Sold,28,S003,P0014,14,34.74573,0.7883928,43.999752044677734,0.44295603036880493
LSTM-EntityEmbedding-Optuna,retail_inventory_daily,Units Sold,28,S003,P0015,14,40.082863,0.7114357,45.83808517456055,0.8367315530776978
LSTM-EntityEmbedding-Optuna,retail_inventory_daily,Units Sold,28,S003,P0016,14,36.227055,0.6999698,42.64807891845703,0.5022441148757935
LSTM-EntityEmbedding-Optuna,retail_inventory_daily,Units Sold,28,S003,P0017,14,42.303677,0.8410599,32.69062805175781,0.7614585757255554
LSTM-EntityEmbedding-Optuna,retail_inventory_daily,Units Sold,28,S003,P0018,14,41.68447,0.87237346,31.663986206054688,0.553388237953186
LSTM-EntityEmbedding-Optuna,retail_inventory_daily,Units Sold,28,S003,P0019,14,26.371151,0.6157968,30.047962188720703,0.38055747747421265
LSTM-EntityEmbedding-Optuna,retail_inventory_daily,Units Sold,28,S003,P0020,14,31.288723,0.75291604,46.24047088623047,0.40673571825027466
LSTM-EntityEmbedding-Optuna,retail_inventory_daily,Units Sold,28,S004,P0001,14,40.281677,0.78931105,49.53521728515625,0.8501951694488525
LSTM-EntityEmbedding-Optuna,retail_inventory_daily,Units Sold,28,S004,P0002,14,43.697716,0.74752164,46.64333724975586,0.826693594455719
LSTM-EntityEmbedding-Optuna,retail_inventory_daily,Units Sold,28,S004,P0003,14,43.30709,0.9320355,39.350189208984375,0.6102728247642517
LSTM-EntityEmbedding-Optuna,retail_inventory_daily,Units Sold,28,S004,P0004,14,39.302746,0.7619296,49.45494842529297,0.7742272615432739
LSTM-EntityEmbedding-Optuna,retail_inventory_daily,Units Sold,28,S004,P0005,14,32.970047,0.81154764,35.092529296875,0.43891647458076477
LSTM-EntityEmbedding-Optuna,retail_inventory_daily,Units Sold,28,S004,P0006,14,36.860806,0.65892786,41.089271545410156,0.5146253108978271
LSTM-EntityEmbedding-Optuna,retail_inventory_daily,Units Sold,28,S004,P0007,14,40.262516,0.837538,50.91722869873047,0.5753624439239502
LSTM-EntityEmbedding-Optuna,retail_inventory_daily,Units Sold,28,S004,P0008,14,38.720737,0.84772366,27.262426376342773,0.5388504266738892
LSTM-EntityEmbedding-Optuna,retail_inventory_daily,Units Sold,28,S004,P0009,14,36.072342,0.719454,40.943603515625,0.8363393545150757
LSTM-EntityEmbedding-Optuna,retail_inventory_daily,Units Sold,28,S004,P0010,14,41.45554,0.7753921,48.79644012451172,0.6407179236412048
LSTM-EntityEmbedding-Optuna,retail_inventory_daily,Units Sold,28,S004,P0011,14,36.884823,0.80419034,50.6442756652832,0.5096370577812195
LSTM-EntityEmbedding-Optuna,retail_inventory_daily,Units Sold,28,S004,P0012,14,34.239315,0.91142553,34.790775299072266,0.4248799979686737
LSTM-EntityEmbedding-Optuna,retail_inventory_daily,Units Sold,28,S004,P0013,14,41.60146,0.7493318,49.289085388183594,0.7163883447647095
LSTM-EntityEmbedding-Optuna,retail_inventory_daily,Units Sold,28,S004,P0014,14,41.960335,0.80594814,33.701744079589844,0.5801096558570862
LSTM-EntityEmbedding-Optuna,retail_inventory_daily,Units Sold,28,S004,P0015,14,42.986923,0.798264,31.862911224365234,0.5886728167533875
LSTM-EntityEmbedding-Optuna,retail_inventory_daily,Units Sold,28,S004,P0016,14,42.53547,0.79866815,31.946327209472656,0.7377407550811768
LSTM-EntityEmbedding-Optuna,retail_inventory_daily,Units Sold,28,S004,P0017,14,28.430847,0.6974958,33.0494499206543,0.4104065001010895
LSTM-EntityEmbedding-Optuna,retail_inventory_daily,Units Sold,28,S004,P0018,14,35.09567,0.7252548,25.193883895874023,0.5303719639778137
LSTM-EntityEmbedding-Optuna,retail_inventory_daily,Units Sold,28,S004,P0019,14,27.577162,0.701562,34.26737594604492,0.4172584116458893
LSTM-EntityEmbedding-Optuna,retail_inventory_daily,Units Sold,28,S004,P0020,14,44.021736,0.8268163,32.95264434814453,0.7543579339981079
LSTM-EntityEmbedding-Optuna,retail_inventory_daily,Units Sold,28,S005,P0001,14,41.0934,0.7596347,45.24212646484375,0.8053972721099854
LSTM-EntityEmbedding-Optuna,retail_inventory_daily,Units Sold,28,S005,P0002,14,37.497147,0.7888382,38.49441146850586,0.47351470589637756
LSTM-EntityEmbedding-Optuna,retail_inventory_daily,Units Sold,28,S005,P0003,14,42.693398,0.8027318,38.37210464477539,0.7193706035614014
LSTM-EntityEmbedding-Optuna,retail_inventory_daily,Units Sold,28,S005,P0004,14,35.00686,0.82811415,41.49747848510742,0.5014927387237549
LSTM-EntityEmbedding-Optuna,retail_inventory_daily,Units Sold,28,S005,P0005,14,36.809906,0.7196279,43.05655288696289,0.864399254322052
LSTM-EntityEmbedding-Optuna,retail_inventory_daily,Units Sold,28,S005,P0006,14,38.62539,0.761644,50.1438102722168,0.7207637429237366
LSTM-EntityEmbedding-Optuna,retail_inventory_daily,Units Sold,28,S005,P0007,14,37.894474,0.7665076,46.33306121826172,0.5291509628295898
LSTM-EntityEmbedding-Optuna,retail_inventory_daily,Units Sold,28,S005,P0008,14,31.31184,0.71480584,34.820899963378906,0.4224572479724884
LSTM-EntityEmbedding-Optuna,retail_inventory_daily,Units Sold,28,S005,P0009,14,38.808495,0.78724355,46.2439079284668,0.8527557253837585
LSTM-EntityEmbedding-Optuna,retail_inventory_daily,Units Sold,28,S005,P0010,14,37.460148,0.73130643,46.25735855102539,0.5051335096359253
LSTM-EntityEmbedding-Optuna,retail_inventory_daily,Units Sold,28,S005,P0011,14,44.00198,0.9294289,43.77143859863281,0.791111946105957
LSTM-EntityEmbedding-Optuna,retail_inventory_daily,Units Sold,28,S005,P0012,14,37.30329,0.83656514,33.832298278808594,0.518302857875824
LSTM-EntityEmbedding-Optuna,retail_inventory_daily,Units Sold,28,S005,P0013,14,41.08826,0.7684148,48.96007537841797,0.5682018399238586
LSTM-EntityEmbedding-Optuna,retail_inventory_daily,Units Sold,28,S005,P0014,14,39.701702,0.7807476,31.387346267700195,0.694993793964386
LSTM-EntityEmbedding-Optuna,retail_inventory_daily,Units Sold,28,S005,P0015,14,41.100918,0.79427606,44.7725830078125,0.739521861076355
LSTM-EntityEmbedding-Optuna,retail_inventory_daily,Units Sold,28,S005,P0016,14,49.191536,0.81596917,43.4854850769043,0.9269084334373474
LSTM-EntityEmbedding-Optuna,retail_inventory_daily,Units Sold,28,S005,P0017,14,46.15405,0.8532223,39.540794372558594,0.7540911436080933
LSTM-EntityEmbedding-Optuna,retail_inventory_daily,Units Sold,28,S005,P0018,14,30.385511,0.6999808,34.64152526855469,0.38202905654907227
LSTM-EntityEmbedding-Optuna,retail_inventory_daily,Units Sold,28,S005,P0019,14,42.508957,0.85072327,31.183881759643555,0.5662667751312256
LSTM-EntityEmbedding-Optuna,retail_inventory_daily,Units Sold,28,S005,P0020,14,38.737774,0.7443937,32.74689483642578,0.6324793696403503
